path,folder_path,size_gb,parsed_title,parsed_year,imdb_id,title,year,imdb_rating,imdb_votes,genre,runtime,verdict,reason
\\TOWER\rootshare\Movies\10 Cloverfield Lane (2016)\10 Cloverfield Lane (2016) Bluray-720p.mkv,\\TOWER\rootshare\Movies\10 Cloverfield Lane (2016),4.23,10 Cloverfield Lane,2016,tt1179933,10 Cloverfield Lane,2016,7.2,378714,"Drama, Horror, Sci-Fi",103,KEEP,ok
\\TOWER\rootshare\Movies\12 Angry Men (1957)\12 Angry Men (1957) Bluray-720p.mkv,\\TOWER\rootshare\Movies\12 Angry Men (1957),1.57,12 Angry Men,1957,tt0050083,12 Angry Men,1957,9.0,974200,"Crime, Drama",96,KEEP,ok
\\TOWER\rootshare\Movies\1917 (2019)\1917 (2019) Bluray-1080p Proper.mkv,\\TOWER\rootshare\Movies\1917 (2019),1.84,1917,2019,tt8579674,1917,2019,8.2,755263,"Action, Drama, War",119,KEEP,ok
\\TOWER\rootshare\Movies\2001 A Space Odyssey (1968)\2001 A Space Odyssey (1968) Bluray-720p.mkv,\\TOWER\rootshare\Movies\2001 A Space Odyssey (1968),5.71,2001 A Space Odyssey,1968,tt0062622,2001: A Space Odyssey,1968,8.3,772787,"Adventure, Sci-Fi",149,KEEP,ok
\\TOWER\rootshare\Movies\A Clockwork Orange (1971)\A Clockwork Orange (1971) Bluray-720p Proper REAL.mkv,\\TOWER\rootshare\Movies\A Clockwork Orange (1971),6.17,A Clockwork Orange,1971,tt0066921,A Clockwork Orange,1971,8.2,930482,"Crime, Sci-Fi",136,KEEP,ok
\\TOWER\rootshare\Movies\A Few Good Men (1992)\A Few Good Men (1992) Bluray-720p Proper.mkv,\\TOWER\rootshare\Movies\A Few Good Men (1992),4.0,A Few Good Men,1992,tt0104257,A Few Good Men,1992,7.7,314572,"Drama, Thriller",138,KEEP,ok
\\TOWER\rootshare\Movies\A Haunting in Venice (2023)\A Haunting in Venice (2023) Remux-1080p.mkv,\\TOWER\rootshare\Movies\A Haunting in Venice (2023),15.8,A Haunting in Venice,2023,tt22687790,A Haunting in Venice,2023,6.5,138856,"Crime, Drama, Horror",103,REMOVE,rating 6.5 < 7.0
\\TOWER\rootshare\Movies\A.I. Artificial Intelligence (2001)\A.I. Artificial Intelligence (2001) Bluray-720p.mkv,\\TOWER\rootshare\Movies\A.I. Artificial Intelligence (2001),7.12,A I Artificial Intelligence,2001,,,,,,,,REMOVE,not found
\\TOWER\rootshare\Movies\Aladdin (1992)\Aladdin (1992) Bluray-1080p Proper.mkv,\\TOWER\rootshare\Movies\Aladdin (1992),1.41,Aladdin,1992,tt0103639,Aladdin,1992,8.0,495493,"Animation, Adventure, Comedy",90,KEEP,ok
\\TOWER\rootshare\Movies\Alien (1979)\Alien (1979) Bluray-720p.mkv,\\TOWER\rootshare\Movies\Alien (1979),3.95,Alien,1979,tt0078748,Alien,1979,8.5,1049933,"Horror, Sci-Fi",117,KEEP,ok
\\TOWER\rootshare\Movies\Alien Romulus (2024)\Alien Romulus (2024) Bluray-720p.mkv,\\TOWER\rootshare\Movies\Alien Romulus (2024),5.07,Alien Romulus,2024,tt18412256,Alien: Romulus,2024,7.1,280054,"Horror, Sci-Fi, Thriller",119,KEEP,ok
\\TOWER\rootshare\Movies\Aliens (1986)\Aliens (1986) Bluray-720p.mkv,\\TOWER\rootshare\Movies\Aliens (1986),5.53,Aliens,1986,tt0090605,Aliens,1986,8.4,831403,"Action, Adventure, Horror",137,KEEP,ok
\\TOWER\rootshare\Movies\Alien³ (1992)\Aliens (1986) Bluray-1080p.mkv,\\TOWER\rootshare\Movies\Alien³ (1992),7.62,Alien³,1992,tt0103644,Alien³,1992,6.4,349847,"Action, Horror, Sci-Fi",114,REMOVE,rating 6.4 < 7.0
\\TOWER\rootshare\Movies\All About Eve (1950)\All About Eve (1950) Remux-1080p.mkv,\\TOWER\rootshare\Movies\All About Eve (1950),35.11,All About Eve,1950,tt0042192,All About Eve,1950,8.2,147735,Drama,138,KEEP,ok
\\TOWER\rootshare\Movies\All Quiet on the Western Front (2022)\All Quiet on the Western Front (2022) WEBDL-1080p.mkv,\\TOWER\rootshare\Movies\All Quiet on the Western Front (2022),5.46,All Quiet on the Western Front,2022,tt1016150,All Quiet on the Western Front,2022,7.8,304290,"Drama, History, War",148,KEEP,ok
\\TOWER\rootshare\Movies\All Star Superman (2011)\All Star Superman (2011) Bluray-720p.mkv,\\TOWER\rootshare\Movies\All Star Superman (2011),2.06,All Star Superman,2011,tt1699114,All-Star Superman,2011,6.9,14416,"Animation, Action, Sci-Fi",76,REMOVE,rating 6.9 < 7.0
\\TOWER\rootshare\Movies\American Beauty (1999)\American Beauty (1999) Bluray-720p.mkv,\\TOWER\rootshare\Movies\American Beauty (1999),1.72,American Beauty,1999,tt0169547,American Beauty,1999,8.3,1272515,Drama,122,KEEP,ok
\\TOWER\rootshare\Movies\American Made (2017)\American Made (2017) Bluray-720p Proper.mkv,\\TOWER\rootshare\Movies\American Made (2017),5.08,American Made,2017,tt3532216,American Made,2017,7.1,229534,"Action, Comedy, Crime",115,KEEP,ok
\\TOWER\rootshare\Movies\Amélie (2001)\Amélie (2001) Bluray-1080p.mkv,\\TOWER\rootshare\Movies\Amélie (2001),2.98,Amélie,2001,tt0211915,Amélie,2001,8.3,834716,"Comedy, Romance",122,KEEP,ok
\\TOWER\rootshare\Movies\Anatomy of a Fall (2023)\Anatomy of a Fall (2023) WEBDL-1080p.mkv,\\TOWER\rootshare\Movies\Anatomy of a Fall (2023),4.15,Anatomy of a Fall,2023,tt17009710,Anatomy of a Fall,2023,7.6,205092,"Crime, Drama, Mystery",151,KEEP,ok
\\TOWER\rootshare\Movies\Apocalypse Now (1979)\Apocalypse Now (1979) Bluray-720p.mkv,\\TOWER\rootshare\Movies\Apocalypse Now (1979),4.9,Apocalypse Now,1979,tt0078788,Apocalypse Now,1979,8.4,765157,"Drama, Mystery, War",147,KEEP,ok
\\TOWER\rootshare\Movies\Avatar (2009)\Avatar (2009) Bluray-1080p.mkv,\\TOWER\rootshare\Movies\Avatar (2009),10.31,Avatar,2009,tt0499549,Avatar,2009,7.9,1468320,"Action, Adventure, Fantasy",162,KEEP,ok
\\TOWER\rootshare\Movies\Avatar The Way of Water (2022)\Avatar The Way of Water (2022) WEBRip-1080p.mkv,\\TOWER\rootshare\Movies\Avatar The Way of Water (2022),2.7,Avatar The Way of Water,2022,tt1630029,Avatar: The Way of Water,2022,7.5,601100,"Animation, Action, Adventure",192,KEEP,ok
\\TOWER\rootshare\Movies\Avengers Endgame (2019)\Avengers Endgame (2019) Bluray-720p Proper.mkv,\\TOWER\rootshare\Movies\Avengers Endgame (2019),6.75,Avengers Endgame,2019,tt4154796,Avengers: Endgame,2019,8.4,1414421,"Action, Adventure, Sci-Fi",181,KEEP,ok
\\TOWER\rootshare\Movies\Avengers Infinity War (2018)\Avengers Infinity War (2018) Bluray-1080p Proper.mkv,\\TOWER\rootshare\Movies\Avengers Infinity War (2018),3.3,Avengers Infinity War,2018,tt4154756,Avengers: Infinity War,2018,8.4,1353948,"Action, Adventure, Sci-Fi",149,KEEP,ok
\\TOWER\rootshare\Movies\Back to the Future (1985)\Back to the Future (1985) Bluray-720p.mkv,\\TOWER\rootshare\Movies\Back to the Future (1985),5.26,Back to the Future,1985,tt0088763,Back to the Future,1985,8.5,1436086,"Adventure, Comedy, Sci-Fi",116,KEEP,ok
\\TOWER\rootshare\Movies\Back to the Future Part II (1989)\Back to the Future Part II (1989) WEBDL-1080p.mkv,\\TOWER\rootshare\Movies\Back to the Future Part II (1989),3.36,Back to the Future,1989,tt0096874,Back to the Future Part II,1989,7.8,617198,"Adventure, Comedy, Sci-Fi",108,KEEP,ok
\\TOWER\rootshare\Movies\Back to the Future Part III (1990)\Back to the Future Part III (1990) WEBDL-1080p.mkv,\\TOWER\rootshare\Movies\Back to the Future Part III (1990),6.08,Back to the Future,1990,tt0099088,Back to the Future Part III,1990,7.5,516119,"Adventure, Comedy, Sci-Fi",118,KEEP,ok
\\TOWER\rootshare\Movies\Barbie (2023)\Barbie (2023) Bluray-720p.mkv,\\TOWER\rootshare\Movies\Barbie (2023),3.77,Barbie,2023,tt1517268,Barbie,2023,6.8,651649,"Adventure, Comedy, Fantasy",114,REMOVE,rating 6.8 < 7.0
\\TOWER\rootshare\Movies\Barton Fink (1991)\Barton Fink (1991) Bluray-720p.mkv,\\TOWER\rootshare\Movies\Barton Fink (1991),6.23,Barton Fink,1991,tt0101410,Barton Fink,1991,7.6,133081,"Comedy, Drama, Thriller",116,KEEP,ok
\\TOWER\rootshare\Movies\Batman (1989)\Batman (1989) Bluray-720p.mkv,\\TOWER\rootshare\Movies\Batman (1989),4.48,Batman,1989,tt0096895,Batman,1989,7.5,429189,"Action, Adventure",126,KEEP,ok
\\TOWER\rootshare\Movies\Batman Assault on Arkham (2014)\Batman Assault on Arkham (2014) Bluray-720p Proper.mkv,\\TOWER\rootshare\Movies\Batman Assault on Arkham (2014),1.38,Batman Assault on Arkham,2014,tt3139086,Batman: Assault on Arkham,2014,7.5,31970,"Animation, Action, Adventure, Crime, Sci-Fi, Thriller",76,KEEP,ok
\\TOWER\rootshare\Movies\Batman Begins (2005)\Batman Begins (2005) Bluray-1080p.mkv,\\TOWER\rootshare\Movies\Batman Begins (2005),15.33,Batman Begins,2005,tt0372784,Batman Begins,2005,8.2,1688565,"Action, Crime, Drama",140,KEEP,ok
\\TOWER\rootshare\Movies\Batman Gotham by Gaslight (2018)\Batman Gotham by Gaslight (2018) Bluray-1080p.mkv,\\TOWER\rootshare\Movies\Batman Gotham by Gaslight (2018),3.75,Batman Gotham by Gaslight,2018,tt7167630,Batman: Gotham by Gaslight,2018,6.7,19986,"Animation, Action, Adventure",78,REMOVE,rating 6.7 < 7.0
\\TOWER\rootshare\Movies\Batman Gotham Knight (2008)\Batman Gotham Knight (2008) Bluray-1080p.mkv,\\TOWER\rootshare\Movies\Batman Gotham Knight (2008),3.61,Batman Gotham Knight,2008,tt1117563,Batman: Gotham Knight,2008,6.7,26890,"Animation, Action, Crime, Sci-Fi, Thriller",75,REMOVE,rating 6.7 < 7.0
"\\TOWER\rootshare\Movies\Batman The Long Halloween, Part One (2021)\Batman The Long Halloween, Part One (2021) Bluray-1080p.mkv","\\TOWER\rootshare\Movies\Batman The Long Halloween, Part One (2021)",4.36,Batman The Long Halloween,2021,tt21445686,Batman: The Long Halloween,2021,7.5,3135,"Animation, Action, Crime",168,KEEP,ok
"\\TOWER\rootshare\Movies\Batman The Long Halloween, Part Two (2021)\Batman The Long Halloween, Part Two (2021) Bluray-720p.mkv","\\TOWER\rootshare\Movies\Batman The Long Halloween, Part Two (2021)",1.46,Batman The Long Halloween,2021,tt21445686,Batman: The Long Halloween,2021,7.5,3135,"Animation, Action, Crime",168,KEEP,ok
\\TOWER\rootshare\Movies\Batman Year One (2011)\Batman Year One (2011) Bluray-720p.mkv,\\TOWER\rootshare\Movies\Batman Year One (2011),1.01,Batman Year One,2011,tt1672723,Batman: Year One,2011,7.4,32117,"Animation, Action, Crime, Drama, Thriller",64,KEEP,ok
\\TOWER\rootshare\Movies\Beauty and the Beast (1991)\Beauty and the Beast (1991) Bluray-720p.mkv,\\TOWER\rootshare\Movies\Beauty and the Beast (1991),3.92,Beauty and the Beast,1991,tt0101414,Beauty and the Beast,1991,8.0,498015,"Animation, Family, Fantasy",84,KEEP,ok
\\TOWER\rootshare\Movies\Beetlejuice (1988)\Beetlejuice (1988) Bluray-720p.mkv,\\TOWER\rootshare\Movies\Beetlejuice (1988),3.45,Beetlejuice,1988,tt0094721,Beetlejuice,1988,7.4,413624,"Comedy, Fantasy",92,KEEP,ok
\\TOWER\rootshare\Movies\Best in Show (2000)\Best in Show (2000) Bluray-720p.mkv,\\TOWER\rootshare\Movies\Best in Show (2000),4.19,Best in Show,2000,tt0218839,Best in Show,2000,7.5,71301,Comedy,90,KEEP,ok
\\TOWER\rootshare\Movies\Better Man (2024)\Better Man (2024) Bluray-720p.mkv,\\TOWER\rootshare\Movies\Better Man (2024),8.53,Better Man,2024,tt14260836,Better Man,2024,7.5,44171,"Biography, Fantasy, Music",135,KEEP,ok
\\TOWER\rootshare\Movies\Big (1988)\Big (1988) Bluray-720p.mkv,\\TOWER\rootshare\Movies\Big (1988),1.21,Big,1988,tt0094737,Big,1988,7.3,255283,"Comedy, Drama, Fantasy",104,KEEP,ok
\\TOWER\rootshare\Movies\Bill & Ted's Excellent Adventure (1989)\Bill & Ted's Excellent Adventure (1989) Bluray-1080p Proper.mkv,\\TOWER\rootshare\Movies\Bill & Ted's Excellent Adventure (1989),1.18,Bill & Ted's Excellent Adventure,1989,tt0096928,Bill & Ted's Excellent Adventure,1989,6.9,146689,"Adventure, Comedy, Music",90,REMOVE,rating 6.9 < 7.0
\\TOWER\rootshare\Movies\BlackBerry (2023)\BlackBerry (2023) Bluray-720p.mkv,\\TOWER\rootshare\Movies\BlackBerry (2023),5.9,BlackBerry,2023,tt21867434,BlackBerry,2023,7.3,66204,"Biography, Comedy, Drama",120,KEEP,ok
\\TOWER\rootshare\Movies\Blade Runner (1982)\Blade Runner (1982) Bluray-720p.mkv,\\TOWER\rootshare\Movies\Blade Runner (1982),2.4,Blade Runner,1982,tt0083658,Blade Runner,1982,8.1,871614,"Action, Drama, Sci-Fi",117,KEEP,ok
\\TOWER\rootshare\Movies\Blade Runner 2049 (2017)\Blade Runner 2049 (2017) Bluray-1080p.mkv,\\TOWER\rootshare\Movies\Blade Runner 2049 (2017),2.13,Blade Runner 2049,2017,tt1856101,Blade Runner 2049,2017,8.0,737828,"Action, Drama, Mystery",164,KEEP,ok
\\TOWER\rootshare\Movies\Bullet Train (2022)\Bullet Train (2022) Bluray-720p Proper REAL.mkv,\\TOWER\rootshare\Movies\Bullet Train (2022),4.14,Bullet Train,2022,tt12593682,Bullet Train,2022,7.3,519374,"Action, Comedy, Thriller",127,KEEP,ok
\\TOWER\rootshare\Movies\Captain America Civil War (2016)\Captain America Civil War (2016) Bluray-720p.mkv,\\TOWER\rootshare\Movies\Captain America Civil War (2016),5.34,Captain America Civil War,2016,tt3498820,Captain America: Civil War,2016,7.8,917200,"Action, Sci-Fi",147,KEEP,ok
\\TOWER\rootshare\Movies\Cars (2006)\Cars (2006) WEBDL-1080p.mkv,\\TOWER\rootshare\Movies\Cars (2006),4.23,Cars,2006,tt0317219,Cars,2006,7.3,522371,"Animation, Adventure, Comedy",116,KEEP,ok
\\TOWER\rootshare\Movies\Casablanca (1943)\Casablanca (1943) Bluray-720p.mkv,\\TOWER\rootshare\Movies\Casablanca (1943),4.76,Casablanca,1943,,,,,,,,REMOVE,not found
\\TOWER\rootshare\Movies\Casino (1995)\Casino (1995) Bluray-720p.mkv,\\TOWER\rootshare\Movies\Casino (1995),9.47,Casino,1995,tt0112641,Casino,1995,8.2,609791,"Crime, Drama",178,KEEP,ok
\\TOWER\rootshare\Movies\Casino Royale (2006)\Casino Royale (2006) Bluray-720p.mkv,\\TOWER\rootshare\Movies\Casino Royale (2006),6.39,Casino Royale,2006,tt0381061,Casino Royale,2006,8.0,733930,"Action, Adventure, Thriller",144,KEEP,ok
\\TOWER\rootshare\Movies\Cast Away (2000)\Cast Away (2000) Bluray-720p.mkv,\\TOWER\rootshare\Movies\Cast Away (2000),5.25,Cast Away,2000,tt0162222,Cast Away,2000,7.8,676631,"Adventure, Drama, Romance",143,KEEP,ok
\\TOWER\rootshare\Movies\Castle in the Sky (1986)\Castle in the Sky (1986) Bluray-720p.mkv,\\TOWER\rootshare\Movies\Castle in the Sky (1986),2.83,Castle in the Sky,1986,tt0092067,Castle in the Sky,1986,8.0,196825,"Animation, Adventure, Family",124,KEEP,ok
\\TOWER\rootshare\Movies\Catch Me If You Can (2002)\Catch Me If You Can (2002) Bluray-720p.mkv,\\TOWER\rootshare\Movies\Catch Me If You Can (2002),3.21,Catch Me If You Can,2002,tt0264464,Catch Me If You Can,2002,8.1,1221144,"Biography, Crime, Drama",141,KEEP,ok
\\TOWER\rootshare\Movies\Cinderella (1950)\Cinderella (1950) Bluray-720p.mkv,\\TOWER\rootshare\Movies\Cinderella (1950),0.96,Cinderella,1950,tt0042332,Cinderella,1950,7.3,184195,"Animation, Family, Fantasy",74,KEEP,ok
\\TOWER\rootshare\Movies\Citizen Kane (1941)\Citizen Kane (1941) Bluray-720p.mkv,\\TOWER\rootshare\Movies\Citizen Kane (1941),3.31,Citizen Kane,1941,tt0033467,Citizen Kane,1941,8.2,488798,"Drama, Mystery",119,KEEP,ok
\\TOWER\rootshare\Movies\Cloverfield (2008)\Cloverfield (2008) Bluray-1080p.mkv,\\TOWER\rootshare\Movies\Cloverfield (2008),8.93,Cloverfield,2008,tt1060277,Cloverfield,2008,7.0,438276,"Action, Horror, Sci-Fi",85,KEEP,ok
\\TOWER\rootshare\Movies\Collateral (2004)\Collateral (2004) Bluray-720p.mkv,\\TOWER\rootshare\Movies\Collateral (2004),6.06,Collateral,2004,tt0369339,Collateral,2004,7.5,462291,"Action, Crime, Drama",120,KEEP,ok
\\TOWER\rootshare\Movies\Conclave (2024)\Conclave (2024) Bluray-720p.mkv,\\TOWER\rootshare\Movies\Conclave (2024),3.72,Conclave,2024,tt20215234,Conclave,2024,7.4,250327,"Drama, Thriller",120,KEEP,ok
\\TOWER\rootshare\Movies\Contact (1997)\Contact (1997) Bluray-720p Proper.mkv,\\TOWER\rootshare\Movies\Contact (1997),6.78,Contact,1997,tt0118884,Contact,1997,7.5,309188,"Drama, Mystery, Sci-Fi",150,KEEP,ok
\\TOWER\rootshare\Movies\Cool Runnings (1993)\Cool Runnings (1993) Bluray-720p.mkv,\\TOWER\rootshare\Movies\Cool Runnings (1993),3.28,Cool Runnings,1993,tt0106611,Cool Runnings,1993,7.0,119626,"Adventure, Comedy, Family",98,KEEP,ok
"\\TOWER\rootshare\Movies\Crazy, Stupid, Love. (2011)\Crazy, Stupid, Love. (2011) Bluray-720p.mkv","\\TOWER\rootshare\Movies\Crazy, Stupid, Love. (2011)",4.57,"Crazy, Stupid, Love",2011,tt1570728,"Crazy, Stupid, Love.",2011,7.4,601291,"Comedy, Drama, Romance",118,KEEP,ok
\\TOWER\rootshare\Movies\Cruella (2021)\Cruella (2021) Bluray-720p.mkv,\\TOWER\rootshare\Movies\Cruella (2021),5.22,Cruella,2021,tt3228774,Cruella,2021,7.3,286888,"Adventure, Comedy, Crime",134,KEEP,ok
\\TOWER\rootshare\Movies\Darkest Hour (2017)\Darkest Hour (2017) Bluray-720p.mkv,\\TOWER\rootshare\Movies\Darkest Hour (2017),2.23,Darkest Hour,2017,tt4555426,Darkest Hour,2017,7.4,236263,"Biography, Drama, History",125,KEEP,ok
\\TOWER\rootshare\Movies\Dead Poets Society (1989)\Dead Poets Society (1989) Bluray-720p.mkv,\\TOWER\rootshare\Movies\Dead Poets Society (1989),2.31,Dead Poets Society,1989,tt0097165,Dead Poets Society,1989,8.1,633673,"Comedy, Drama",128,KEEP,ok
\\TOWER\rootshare\Movies\Death on the Nile (2022)\Death on the Nile (2022) Bluray-720p.mkv,\\TOWER\rootshare\Movies\Death on the Nile (2022),4.04,Death on the Nile,2022,tt7657566,Death on the Nile,2022,6.3,206844,"Crime, Drama, Mystery",127,REMOVE,rating 6.3 < 7.0
\\TOWER\rootshare\Movies\Despicable Me (2010)\Despicable Me (2010) Bluray-720p.mkv,\\TOWER\rootshare\Movies\Despicable Me (2010),2.89,Despicable Me,2010,tt1323594,Despicable Me,2010,7.6,628264,"Animation, Adventure, Comedy",95,KEEP,ok
\\TOWER\rootshare\Movies\Dial M for Murder (1954)\Dial M for Murder (1954) Bluray-720p.mkv,\\TOWER\rootshare\Movies\Dial M for Murder (1954),1.34,Dial M for Murder,1954,tt0046912,Dial M for Murder,1954,8.2,202688,"Crime, Drama, Mystery",105,KEEP,ok
\\TOWER\rootshare\Movies\Die Hard (1988)\Die Hard (1988) Bluray-720p.mkv,\\TOWER\rootshare\Movies\Die Hard (1988),1.17,Die Hard,1988,tt0095016,Die Hard,1988,8.2,1021784,"Action, Thriller",132,KEEP,ok
\\TOWER\rootshare\Movies\Die Hard With a Vengeance (1995)\Die Hard With a Vengeance (1995) Bluray-1080p.mkv,\\TOWER\rootshare\Movies\Die Hard With a Vengeance (1995),11.33,Die Hard With a Vengeance,1995,tt0112864,Die Hard with a Vengeance,1995,7.6,428742,"Action, Adventure, Thriller",128,KEEP,ok
\\TOWER\rootshare\Movies\Django Unchained (2012)\Django Unchained (2012) Bluray-720p.mkv,\\TOWER\rootshare\Movies\Django Unchained (2012),3.54,Django Unchained,2012,tt1853728,Django Unchained,2012,8.5,1850031,"Drama, Western",165,KEEP,ok
\\TOWER\rootshare\Movies\Dr. No (1962)\Dr. No (1962) Bluray-720p Proper.mkv,\\TOWER\rootshare\Movies\Dr. No (1962),5.22,Dr No,1962,tt10985716,Outtakes from James Bond 'Dr No',1962,,,"Documentary, Short",13,REMOVE,no rating/votes
\\TOWER\rootshare\Movies\Dr. Strangelove or How I Learned to Stop Worrying and Love the Bomb (1964)\Dr. Strangelove or How I Learned to Stop Worrying and Love the Bomb (1964) Bluray-720p.mkv,\\TOWER\rootshare\Movies\Dr. Strangelove or How I Learned to Stop Worrying and Love the Bomb (1964),4.39,Dr Strangelove or How I Learned to Stop Worrying and Love the Bomb,1964,tt0057012,Dr. Strangelove or: How I Learned to Stop Worrying and Love the Bomb,1964,8.3,547207,"Comedy, War",95,KEEP,ok
\\TOWER\rootshare\Movies\Dumbo (1941)\Dumbo (1941) Bluray-720p.mkv,\\TOWER\rootshare\Movies\Dumbo (1941),1.42,Dumbo,1941,tt0033563,Dumbo,1941,7.2,149916,"Animation, Adventure, Drama",64,KEEP,ok
\\TOWER\rootshare\Movies\Dune (2021)\Dune (2021) WEBDL-2160p.mkv,\\TOWER\rootshare\Movies\Dune (2021),20.32,Dune,2021,tt1160419,Dune: Part One,2021,8.0,1020797,"Action, Adventure, Drama",155,KEEP,ok
\\TOWER\rootshare\Movies\Dune Part Two (2024)\Dune Part Two (2024) Remux-1080p.mkv,\\TOWER\rootshare\Movies\Dune Part Two (2024),19.85,Dune,2024,tt15239678,Dune: Part Two,2024,8.4,713701,"Action, Adventure, Drama",166,KEEP,ok
\\TOWER\rootshare\Movies\E.T. the Extra-Terrestrial (1982)\E.T. the Extra-Terrestrial (1982) Bluray-720p.mkv,\\TOWER\rootshare\Movies\E.T. the Extra-Terrestrial (1982),3.99,E T the Extra-Terrestrial,1982,,,,,,,,REMOVE,not found
\\TOWER\rootshare\Movies\Elf (2003)\Elf (2003) Bluray-720p.mkv,\\TOWER\rootshare\Movies\Elf (2003),3.79,Elf,2003,tt0319343,Elf,2003,7.1,344358,"Adventure, Comedy, Family",97,KEEP,ok
\\TOWER\rootshare\Movies\Elvis (2022)\Elvis (2022) Bluray-720p.mkv,\\TOWER\rootshare\Movies\Elvis (2022),4.99,Elvis,2022,tt3704428,Elvis,2022,7.3,255583,"Biography, Drama, Music",159,KEEP,ok
\\TOWER\rootshare\Movies\Eternal Sunshine of the Spotless Mind (2004)\Eternal Sunshine of the Spotless Mind (2004) Bluray-720p.mkv,\\TOWER\rootshare\Movies\Eternal Sunshine of the Spotless Mind (2004),5.13,Eternal Sunshine of the Spotless Mind,2004,tt0338013,Eternal Sunshine of the Spotless Mind,2004,8.3,1166070,"Drama, Romance, Sci-Fi",108,KEEP,ok
\\TOWER\rootshare\Movies\Everything Everywhere All at Once (2022)\Everything Everywhere All at Once (2022) Bluray-1080p.mkv,\\TOWER\rootshare\Movies\Everything Everywhere All at Once (2022),14.8,Everything Everywhere All at Once,2022,tt6710474,Everything Everywhere All at Once,2022,7.7,616795,"Action, Adventure, Comedy",139,KEEP,ok
\\TOWER\rootshare\Movies\Ex Machina (2015)\Ex Machina (2015) Bluray-720p.mkv,\\TOWER\rootshare\Movies\Ex Machina (2015),3.99,Ex Machina,2015,tt5262674,Ex Machina: Behind the Scenes Vignettes,2015,7.1,33,"Documentary, Short",29,KEEP,ok
\\TOWER\rootshare\Movies\F1 (2025)\F1 (2025) WEBDL-720p.mkv,\\TOWER\rootshare\Movies\F1 (2025),4.03,F1 (2025) WEBDL-720p,2025,,,,,,,,REMOVE,not found
\\TOWER\rootshare\Movies\Fantastic Beasts and Where to Find Them (2016)\Fantastic Beasts and Where to Find Them (2016) Bluray-720p.mkv,\\TOWER\rootshare\Movies\Fantastic Beasts and Where to Find Them (2016),5.36,Fantastic Beasts and Where to Find Them,2016,tt3183660,Fantastic Beasts and Where to Find Them,2016,7.2,535192,"Adventure, Family, Fantasy",132,KEEP,ok
\\TOWER\rootshare\Movies\Fight Club (1999)\Fight Club (1999) Bluray-720p.mkv,\\TOWER\rootshare\Movies\Fight Club (1999),2.69,Fight Club,1999,tt0137523,Fight Club,1999,8.8,2567948,"Crime, Drama, Thriller",139,KEEP,ok
\\TOWER\rootshare\Movies\Finding Dory (2016)\Finding Dory (2016) WEBDL-1080p.mkv,\\TOWER\rootshare\Movies\Finding Dory (2016),3.5,Finding Dory,2016,tt2277860,Finding Dory,2016,7.2,328640,"Animation, Adventure, Comedy",97,KEEP,ok
\\TOWER\rootshare\Movies\Finding Nemo (2003)\Finding Nemo (2003) Bluray-1080p.mkv,\\TOWER\rootshare\Movies\Finding Nemo (2003),1.33,Finding Nemo,2003,tt0266543,Finding Nemo,2003,8.2,1196544,"Animation, Adventure, Comedy",100,KEEP,ok
\\TOWER\rootshare\Movies\Ford v Ferrari (2019)\Ford v Ferrari (2019) Bluray-1080p.mkv,\\TOWER\rootshare\Movies\Ford v Ferrari (2019),1.02,Ford v Ferrari,2019,tt1950186,Ford v Ferrari,2019,8.1,553839,"Action, Biography, Drama",152,KEEP,ok
\\TOWER\rootshare\Movies\Forrest Gump (1994)\Forrest Gump (1994) Bluray-720p.mkv,\\TOWER\rootshare\Movies\Forrest Gump (1994),5.45,Forrest Gump,1994,tt0109830,Forrest Gump,1994,8.8,2467350,"Drama, Romance",142,KEEP,ok
\\TOWER\rootshare\Movies\From Russia with Love (1963)\From Russia with Love (1963) Bluray-720p.mkv,\\TOWER\rootshare\Movies\From Russia with Love (1963),6.55,From Russia with Love,1963,tt0057076,From Russia with Love,1963,7.3,155122,"Action, Adventure, Thriller",115,KEEP,ok
\\TOWER\rootshare\Movies\From Up on Poppy Hill (2011)\From Up on Poppy Hill (2011) Bluray-720p.mkv,\\TOWER\rootshare\Movies\From Up on Poppy Hill (2011),2.05,From Up on Poppy Hill,2011,tt1798188,From Up on Poppy Hill,2011,7.4,58257,"Animation, Comedy, Drama",91,KEEP,ok
\\TOWER\rootshare\Movies\Full Metal Jacket (1987)\Full Metal Jacket (1987) Bluray-720p.mkv,\\TOWER\rootshare\Movies\Full Metal Jacket (1987),5.19,Full Metal Jacket,1987,tt0093058,Full Metal Jacket,1987,8.2,842284,"Drama, War",116,KEEP,ok
\\TOWER\rootshare\Movies\Get Carter (1971)\Get Carter (1971) Bluray-720p.mkv,\\TOWER\rootshare\Movies\Get Carter (1971),3.6,Get Carter,1971,tt0067128,Get Carter,1971,7.3,39340,"Crime, Thriller",112,KEEP,ok
\\TOWER\rootshare\Movies\Ghostbusters (1984)\Ghostbusters (1984) WEBDL-1080p.mkv,\\TOWER\rootshare\Movies\Ghostbusters (1984),2.1,Ghostbusters,1984,tt0087332,Ghostbusters,1984,7.8,481780,"Action, Comedy, Fantasy",105,KEEP,ok
\\TOWER\rootshare\Movies\Gladiator (2000)\Gladiator (2000) Bluray-720p.mkv,\\TOWER\rootshare\Movies\Gladiator (2000),7.08,Gladiator,2000,tt0172495,Gladiator,2000,8.5,1817617,"Action, Adventure, Drama",155,KEEP,ok
\\TOWER\rootshare\Movies\Glass Onion A Knives Out Mystery (2022)\Glass Onion A Knives Out Mystery (2022) WEBDL-2160p.mkv,\\TOWER\rootshare\Movies\Glass Onion A Knives Out Mystery (2022),12.14,Glass Onion A Knives Out Mystery,2022,tt24734444,Glass Onion: A Knives Out Mystery (2022),2022,,,,,REMOVE,no rating/votes
\\TOWER\rootshare\Movies\Godzilla Minus One (2023)\Godzilla Minus One (2023) WEBDL-2160p.mkv,\\TOWER\rootshare\Movies\Godzilla Minus One (2023),4.67,Godzilla Minus One,2023,tt23289160,Godzilla Minus One,2023,7.7,200436,"Action, Adventure, Drama",124,KEEP,ok
\\TOWER\rootshare\Movies\GoldenEye (1995)\GoldenEye (1995) Bluray-720p.mkv,\\TOWER\rootshare\Movies\GoldenEye (1995),1.27,GoldenEye,1995,tt0113189,GoldenEye,1995,7.2,281321,"Action, Adventure, Thriller",130,KEEP,ok
\\TOWER\rootshare\Movies\Goldfinger (1964)\Goldfinger (1964) Bluray-1080p.mkv,\\TOWER\rootshare\Movies\Goldfinger (1964),2.8,Goldfinger,1964,tt0058150,Goldfinger,1964,7.7,213835,"Action, Adventure, Thriller",110,KEEP,ok
\\TOWER\rootshare\Movies\Good Will Hunting (1997)\Good Will Hunting (1997) Bluray-720p.mkv,\\TOWER\rootshare\Movies\Good Will Hunting (1997),2.29,Good Will Hunting,1997,tt0119217,Good Will Hunting,1997,8.3,1186230,"Drama, Romance",126,KEEP,ok
\\TOWER\rootshare\Movies\GoodFellas (1990)\GoodFellas (1990) Bluray-720p.mkv,\\TOWER\rootshare\Movies\GoodFellas (1990),7.9,GoodFellas,1990,tt0099685,Goodfellas,1990,8.7,1368490,"Biography, Crime, Drama",145,KEEP,ok
\\TOWER\rootshare\Movies\Gremlins (1984)\Gremlins (1984) Bluray-720p.mkv,\\TOWER\rootshare\Movies\Gremlins (1984),3.95,Gremlins,1984,tt0087363,Gremlins,1984,7.3,270750,"Comedy, Fantasy, Horror",106,KEEP,ok
\\TOWER\rootshare\Movies\Guardians of the Galaxy (2014)\Guardians of the Galaxy (2014) Bluray-720p.mkv,\\TOWER\rootshare\Movies\Guardians of the Galaxy (2014),5.33,Guardians of the Galaxy,2014,tt2015381,Guardians of the Galaxy,2014,8.0,1352030,"Action, Adventure, Comedy",121,KEEP,ok
\\TOWER\rootshare\Movies\Hamilton (2020)\Hamilton (2020) WEBDL-1080p Proper.mkv,\\TOWER\rootshare\Movies\Hamilton (2020),5.59,Hamilton,2020,tt8503618,Hamilton,2020,8.3,136884,"Biography, Drama, History",160,KEEP,ok
\\TOWER\rootshare\Movies\Harry Potter and the Chamber of Secrets (2002)\Harry Potter and the Chamber of Secrets (2002) Bluray-720p.mkv,\\TOWER\rootshare\Movies\Harry Potter and the Chamber of Secrets (2002),4.52,Harry Potter and the Chamber of Secrets,2002,tt0295297,Harry Potter and the Chamber of Secrets,2002,7.5,753952,"Adventure, Family, Fantasy",161,KEEP,ok
\\TOWER\rootshare\Movies\Harry Potter and the Deathly Hallows Part 1 (2010)\Harry Potter and the Deathly Hallows Part 1 (2010) Bluray-720p.mkv,\\TOWER\rootshare\Movies\Harry Potter and the Deathly Hallows Part 1 (2010),5.23,Harry Potter and the Deathly Hallows,2010,tt0926084,Harry Potter and the Deathly Hallows: Part 1,2010,7.7,659115,"Adventure, Family, Fantasy",146,KEEP,ok
\\TOWER\rootshare\Movies\Harry Potter and the Deathly Hallows Part 2 (2011)\Harry Potter and the Deathly Hallows Part 2 (2011) Bluray-720p.mkv,\\TOWER\rootshare\Movies\Harry Potter and the Deathly Hallows Part 2 (2011),4.0,Harry Potter and the Deathly Hallows,2011,tt1201607,Harry Potter and the Deathly Hallows: Part 2,2011,8.1,1035967,"Adventure, Family, Fantasy",130,KEEP,ok
\\TOWER\rootshare\Movies\Harry Potter and the Goblet of Fire (2005)\Harry Potter and the Goblet of Fire (2005) Bluray-720p.mkv,\\TOWER\rootshare\Movies\Harry Potter and the Goblet of Fire (2005),4.41,Harry Potter and the Goblet of Fire,2005,tt0330373,Harry Potter and the Goblet of Fire,2005,7.7,739101,"Adventure, Family, Fantasy",157,KEEP,ok
\\TOWER\rootshare\Movies\Harry Potter and the Half-Blood Prince (2009)\Harry Potter and the Half-Blood Prince (2009) Bluray-1080p.mkv,\\TOWER\rootshare\Movies\Harry Potter and the Half-Blood Prince (2009),11.48,Harry Potter and the Half-Blood Prince,2009,tt0417741,Harry Potter and the Half-Blood Prince,2009,7.6,653701,"Action, Adventure, Family",153,KEEP,ok
\\TOWER\rootshare\Movies\Harry Potter and the Order of the Phoenix (2007)\Harry Potter and the Order of the Phoenix (2007) Bluray-720p.mkv,\\TOWER\rootshare\Movies\Harry Potter and the Order of the Phoenix (2007),5.15,Harry Potter and the Order of the Phoenix,2007,tt0373889,Harry Potter and the Order of the Phoenix,2007,7.5,686806,"Action, Adventure, Family",138,KEEP,ok
\\TOWER\rootshare\Movies\Harry Potter and the Philosopher's Stone (2001)\Harry Potter and the Philosopher's Stone (2001) Bluray-1080p.mkv,\\TOWER\rootshare\Movies\Harry Potter and the Philosopher's Stone (2001),2.1,Harry Potter and the Philosopher's Stone,2001,,,,,,,,REMOVE,not found
\\TOWER\rootshare\Movies\Harry Potter and the Prisoner of Azkaban (2004)\Harry Potter and the Prisoner of Azkaban (2004) Bluray-720p.mkv,\\TOWER\rootshare\Movies\Harry Potter and the Prisoner of Azkaban (2004),4.66,Harry Potter and the Prisoner of Azkaban,2004,tt0304141,Harry Potter and the Prisoner of Azkaban,2004,7.9,758003,"Adventure, Family, Fantasy",142,KEEP,ok
\\TOWER\rootshare\Movies\Hot Fuzz (2007)\Hot Fuzz (2007) Bluray-720p.mkv,\\TOWER\rootshare\Movies\Hot Fuzz (2007),5.99,Hot Fuzz,2007,tt0425112,Hot Fuzz,2007,7.8,561398,"Action, Comedy, Mystery",121,KEEP,ok
\\TOWER\rootshare\Movies\How to Train Your Dragon (2010)\How to Train Your Dragon (2010) Bluray-720p.mkv,\\TOWER\rootshare\Movies\How to Train Your Dragon (2010),3.58,How to Train Your Dragon,2010,tt0892769,How to Train Your Dragon,2010,8.1,882954,"Animation, Action, Adventure",98,KEEP,ok
\\TOWER\rootshare\Movies\How to Train Your Dragon 2 (2014)\How to Train Your Dragon 2 (2014) Bluray-1080p.mkv,\\TOWER\rootshare\Movies\How to Train Your Dragon 2 (2014),5.08,How to Train Your Dragon 2,2014,tt1646971,How to Train Your Dragon 2,2014,7.8,398152,"Animation, Action, Adventure",102,KEEP,ok
\\TOWER\rootshare\Movies\How to Train Your Dragon The Hidden World (2019)\How to Train Your Dragon The Hidden World (2019) Bluray-720p.mkv,\\TOWER\rootshare\Movies\How to Train Your Dragon The Hidden World (2019),4.22,How to Train Your Dragon The Hidden World,2019,tt2386490,How to Train Your Dragon: The Hidden World,2019,7.4,175859,"Animation, Action, Adventure",104,KEEP,ok
\\TOWER\rootshare\Movies\Howl's Moving Castle (2004)\Howl's Moving Castle (2004) Bluray-1080p.mkv,\\TOWER\rootshare\Movies\Howl's Moving Castle (2004),6.57,Howl's Moving Castle,2004,tt0347149,Howl's Moving Castle,2004,8.2,504919,"Animation, Adventure, Family",119,KEEP,ok
"\\TOWER\rootshare\Movies\I, Tonya (2017)\I, Tonya (2017) Bluray-720p.mkv","\\TOWER\rootshare\Movies\I, Tonya (2017)",4.93,"I, Tonya",2017,tt5580036,"I, Tonya",2017,7.5,256041,"Biography, Comedy, Drama",119,KEEP,ok
\\TOWER\rootshare\Movies\Inception (2010)\Inception (2010) Bluray-720p.mkv,\\TOWER\rootshare\Movies\Inception (2010),4.74,Inception,2010,tt1375666,Inception,2010,8.8,2781889,"Action, Adventure, Sci-Fi",148,KEEP,ok
\\TOWER\rootshare\Movies\Indiana Jones and the Last Crusade (1989)\Indiana Jones and the Last Crusade (1989) Bluray-720p.mkv,\\TOWER\rootshare\Movies\Indiana Jones and the Last Crusade (1989),1.54,Indiana Jones and the Last Crusade,1989,tt0097576,Indiana Jones and the Last Crusade,1989,8.2,854638,"Action, Adventure, Fantasy",127,KEEP,ok
\\TOWER\rootshare\Movies\Indiana Jones and the Temple of Doom (1984)\Indiana Jones and the Temple of Doom (1984) Bluray-720p.mkv,\\TOWER\rootshare\Movies\Indiana Jones and the Temple of Doom (1984),1.76,Indiana Jones and the Temple of Doom,1984,tt0087469,Indiana Jones and the Temple of Doom,1984,7.5,563249,"Action, Adventure",118,KEEP,ok
\\TOWER\rootshare\Movies\Inglourious Basterds (2009)\Inglourious Basterds (2009) WEBDL-1080p.mkv,\\TOWER\rootshare\Movies\Inglourious Basterds (2009),6.53,Inglourious Basterds,2009,tt0361748,Inglourious Basterds,2009,8.4,1746929,"Adventure, Drama, War",153,KEEP,ok
\\TOWER\rootshare\Movies\Inside Out (2015)\Inside Out (2015) Bluray-720p.mkv,\\TOWER\rootshare\Movies\Inside Out (2015),2.58,Inside Out,2015,tt2096673,Inside Out,2015,8.1,905131,"Animation, Adventure, Comedy",95,KEEP,ok
\\TOWER\rootshare\Movies\Inside Out 2 (2024)\Inside Out 2 (2024) Bluray-720p.mkv,\\TOWER\rootshare\Movies\Inside Out 2 (2024),2.06,Inside Out 2,2024,tt22022452,Inside Out 2,2024,7.5,245290,"Animation, Adventure, Comedy",96,KEEP,ok
\\TOWER\rootshare\Movies\Interstellar (2014)\Interstellar (2014) Bluray-720p.mkv,\\TOWER\rootshare\Movies\Interstellar (2014),2.3,Interstellar,2014,tt0816692,Interstellar,2014,8.7,2472939,"Adventure, Drama, Sci-Fi",169,KEEP,ok
\\TOWER\rootshare\Movies\Iron Man (2008)\Iron Man (2008) Bluray-720p Proper.mkv,\\TOWER\rootshare\Movies\Iron Man (2008),3.21,Iron Man,2008,tt0371746,Iron Man,2008,7.9,1213667,"Action, Adventure, Sci-Fi",126,KEEP,ok
\\TOWER\rootshare\Movies\Iron Man 3 (2013)\Iron Man 3 (2013) Bluray-720p Proper.mkv,\\TOWER\rootshare\Movies\Iron Man 3 (2013),3.49,Iron Man 3,2013,tt1300854,Iron Man 3,2013,7.1,957295,"Action, Adventure, Sci-Fi",130,KEEP,ok
\\TOWER\rootshare\Movies\Jackie Brown (1997)\Jackie Brown (1997) Bluray-1080p.mkv,\\TOWER\rootshare\Movies\Jackie Brown (1997),8.9,Jackie Brown,1997,tt0119396,Jackie Brown,1997,7.5,400150,"Crime, Drama, Thriller",154,KEEP,ok
\\TOWER\rootshare\Movies\John Wick (2014)\John Wick (2014) Bluray-1080p Proper.mkv,\\TOWER\rootshare\Movies\John Wick (2014),8.66,John Wick,2014,tt2911666,John Wick,2014,7.5,812651,"Action, Crime, Thriller",101,KEEP,ok
\\TOWER\rootshare\Movies\John Wick Chapter 2 (2017)\John Wick Chapter 2 (2017) Bluray-1080p.mkv,\\TOWER\rootshare\Movies\John Wick Chapter 2 (2017),11.97,John Wick Chapter 2,2017,tt4425200,John Wick: Chapter 2,2017,7.4,564980,"Action, Crime, Thriller",122,KEEP,ok
\\TOWER\rootshare\Movies\John Wick Chapter 3 - Parabellum (2019)\John Wick Chapter 3 - Parabellum (2019) Bluray-1080p.mkv,\\TOWER\rootshare\Movies\John Wick Chapter 3 - Parabellum (2019),2.23,John Wick Chapter 3,2019,tt6146586,John Wick: Chapter 3 - Parabellum,2019,7.4,476412,"Action, Crime, Drama",130,KEEP,ok
\\TOWER\rootshare\Movies\John Wick Chapter 4 (2023)\John Wick Chapter 4 (2023) WEBDL-720p.mkv,\\TOWER\rootshare\Movies\John Wick Chapter 4 (2023),3.5,John Wick Chapter 4,2023,tt10366206,John Wick: Chapter 4,2023,7.6,405485,"Action, Crime, Thriller",169,KEEP,ok
\\TOWER\rootshare\Movies\Jurassic Park (1993)\Jurassic Park (1993) Bluray-1080p Proper.mkv,\\TOWER\rootshare\Movies\Jurassic Park (1993),6.63,Jurassic Park,1993,tt0107290,Jurassic Park,1993,8.2,1157660,"Action, Adventure, Sci-Fi",127,KEEP,ok
\\TOWER\rootshare\Movies\Jurassic World Rebirth (2025)\Jurassic World Rebirth (2025) WEBDL-1080p.mkv,\\TOWER\rootshare\Movies\Jurassic World Rebirth (2025),6.28,Jurassic World Rebirth,2025,tt31036941,Jurassic World: Rebirth,2025,5.8,176442,"Action, Adventure, Sci-Fi",133,REMOVE,rating 5.8 < 7.0
\\TOWER\rootshare\Movies\Justice League (2017)\Justice League (2017) Bluray-720p.mkv,\\TOWER\rootshare\Movies\Justice League (2017),5.59,Justice League,2017,tt0974015,Justice League,2017,6.0,500541,"Action, Adventure, Fantasy",120,REMOVE,rating 6.0 < 7.0
\\TOWER\rootshare\Movies\Justice League Crisis on Infinite Earths Part One (2024)\Justice League Crisis on Infinite Earths Part One (2024) Bluray-720p.mkv,\\TOWER\rootshare\Movies\Justice League Crisis on Infinite Earths Part One (2024),3.38,Justice League Crisis on Infinite Earths,2024,tt29195117,Justice League: Crisis on Infinite Earths - Part One,2024,6.2,9710,"Animation, Action, Adventure",93,REMOVE,rating 6.2 < 7.0
\\TOWER\rootshare\Movies\Justice League Dark (2017)\Justice League Dark (2017) Bluray-1080p.mkv,\\TOWER\rootshare\Movies\Justice League Dark (2017),0.93,Justice League Dark,2017,tt2494376,Justice League Dark,2017,7.1,22749,"Animation, Action, Adventure, Family, Fantasy, Horror, Sci-Fi",75,KEEP,ok
\\TOWER\rootshare\Movies\Justice League Doom (2012)\Justice League Doom (2012) Bluray-1080p.mkv,\\TOWER\rootshare\Movies\Justice League Doom (2012),3.85,Justice League Doom,2012,tt2027128,Justice League: Doom,2012,7.5,31806,"Animation, Action, Fantasy, Sci-Fi",75,KEEP,ok
\\TOWER\rootshare\Movies\Justice League Gods and Monsters (2015)\Justice League Gods and Monsters (2015) Bluray-1080p.mkv,\\TOWER\rootshare\Movies\Justice League Gods and Monsters (2015),3.07,Justice League Gods and Monsters,2015,tt4324302,Justice League: Gods and Monsters,2015,7.0,14262,"Animation, Action, Adventure, Fantasy, Sci-Fi",76,KEEP,ok
\\TOWER\rootshare\Movies\Justice League The Flashpoint Paradox (2013)\Justice League The Flashpoint Paradox (2013) Bluray-1080p.mkv,\\TOWER\rootshare\Movies\Justice League The Flashpoint Paradox (2013),3.54,Justice League The Flashpoint Paradox,2013,tt2820466,Justice League: The Flashpoint Paradox,2013,8.1,46318,"Animation, Action, Adventure, Fantasy, Sci-Fi",75,KEEP,ok
\\TOWER\rootshare\Movies\Justice League War (2014)\Justice League War (2014) WEBDL-720p.mkv,\\TOWER\rootshare\Movies\Justice League War (2014),0.75,Justice League War,2014,tt3060952,Justice League: War,2014,7.3,31379,"Animation, Action, Adventure, Family, Fantasy, Sci-Fi",79,KEEP,ok
\\TOWER\rootshare\Movies\Kiki's Delivery Service (1989)\Kiki's Delivery Service (1989) Bluray-720p.mkv,\\TOWER\rootshare\Movies\Kiki's Delivery Service (1989),1.49,Kiki's Delivery Service,1989,tt0097814,Kiki's Delivery Service,1989,7.8,184262,"Animation, Family, Fantasy",103,KEEP,ok
\\TOWER\rootshare\Movies\Kill Bill The Whole Bloody Affair (2011)\Kill Bill The Whole Bloody Affair (2011) WEBDL-1080p.mkv,\\TOWER\rootshare\Movies\Kill Bill The Whole Bloody Affair (2011),9.7,Kill Bill The Whole Bloody Affair,2011,,,,,,,,REMOVE,not found
\\TOWER\rootshare\Movies\Kill Bill Vol. 1 (2003)\Kill Bill Vol. 1 (2003) Bluray-720p Proper.mkv,\\TOWER\rootshare\Movies\Kill Bill Vol. 1 (2003),1.73,Kill Bill Vol 1,2003,tt0266697,Kill Bill: Vol. 1,2003,8.2,1295392,"Action, Crime, Thriller",111,KEEP,ok
\\TOWER\rootshare\Movies\Kill Bill Vol. 2 (2004)\Kill Bill Vol. 2 (2004) Bluray-720p.mkv,\\TOWER\rootshare\Movies\Kill Bill Vol. 2 (2004),2.82,Kill Bill Vol 2,2004,tt0378194,Kill Bill: Vol. 2,2004,8.0,852073,"Action, Crime, Thriller",137,KEEP,ok
\\TOWER\rootshare\Movies\Kingsman The Secret Service (2014)\Kingsman The Secret Service (2014) Bluray-720p.mkv,\\TOWER\rootshare\Movies\Kingsman The Secret Service (2014),0.73,Kingsman The Secret Service,2014,tt2802144,Kingsman: The Secret Service,2014,7.7,768055,"Action, Adventure, Comedy",129,KEEP,ok
\\TOWER\rootshare\Movies\Knives Out (2019)\Knives Out (2019) WEBDL-1080p.mkv,\\TOWER\rootshare\Movies\Knives Out (2019),7.03,Knives Out,2019,tt8946378,Knives Out,2019,7.9,869648,"Comedy, Crime, Drama",130,KEEP,ok
\\TOWER\rootshare\Movies\KPop Demon Hunters (2025)\KPop Demon Hunters (2025) WEBDL-1080p.mkv,\\TOWER\rootshare\Movies\KPop Demon Hunters (2025),2.16,KPop Demon Hunters,2025,tt14205554,KPop Demon Hunters,2025,7.5,104963,"Animation, Action, Adventure",95,KEEP,ok
\\TOWER\rootshare\Movies\Kung Fu Panda (2008)\Kung Fu Panda (2008) Bluray-720p Proper.mkv,\\TOWER\rootshare\Movies\Kung Fu Panda (2008),0.58,Kung Fu Panda,2008,tt0441773,Kung Fu Panda,2008,7.6,571657,"Animation, Action, Adventure",92,KEEP,ok
\\TOWER\rootshare\Movies\La La Land (2016)\La La Land (2016) Bluray-720p.mkv,\\TOWER\rootshare\Movies\La La Land (2016),2.22,La La Land,2016,tt3783958,La La Land,2016,8.0,745935,"Comedy, Drama, Music",128,KEEP,ok
\\TOWER\rootshare\Movies\Lady and the Tramp (1955)\Lady and the Tramp (1955) Bluray-720p.mkv,\\TOWER\rootshare\Movies\Lady and the Tramp (1955),2.04,Lady and the Tramp,1955,tt0048280,Lady and the Tramp,1955,7.3,158334,"Animation, Adventure, Comedy",76,KEEP,ok
\\TOWER\rootshare\Movies\Last Night in Soho (2021)\Last Night in Soho (2021) Bluray-720p.mkv,\\TOWER\rootshare\Movies\Last Night in Soho (2021),3.95,Last Night in Soho,2021,tt9639470,Last Night in Soho,2021,7.0,195155,"Drama, Horror, Mystery",116,KEEP,ok
\\TOWER\rootshare\Movies\Life Is Beautiful (1997)\Life Is Beautiful (1997) Bluray-720p.mkv,\\TOWER\rootshare\Movies\Life Is Beautiful (1997),2.94,Life Is Beautiful,1997,tt0118799,Life Is Beautiful,1997,8.6,802324,"Comedy, Drama, Romance",116,KEEP,ok
\\TOWER\rootshare\Movies\Lolita (1962)\Lolita (1962) Bluray-720p.mkv,\\TOWER\rootshare\Movies\Lolita (1962),3.02,Lolita,1962,tt0056193,Lolita,1962,7.5,114737,"Crime, Drama, Romance",153,KEEP,ok
\\TOWER\rootshare\Movies\Léon The Professional (1994)\Léon The Professional (1994) Bluray-1080p Proper.mkv,\\TOWER\rootshare\Movies\Léon The Professional (1994),12.34,Léon The Professional,1994,tt0110413,Léon: The Professional,1994,8.5,1340323,"Action, Crime, Drama",110,KEEP,ok
\\TOWER\rootshare\Movies\Magic Mike (2012)\Magic Mike (2012) Bluray-720p.mkv,\\TOWER\rootshare\Movies\Magic Mike (2012),3.69,Magic Mike,2012,tt1915581,Magic Mike,2012,6.1,151819,"Comedy, Drama, Music",110,REMOVE,rating 6.1 < 7.0
\\TOWER\rootshare\Movies\Mary Poppins (1964)\Mary Poppins (1964) Bluray-720p.mkv,\\TOWER\rootshare\Movies\Mary Poppins (1964),5.53,Mary Poppins,1964,tt0058331,Mary Poppins,1964,7.8,197040,"Comedy, Family, Fantasy",139,KEEP,ok
\\TOWER\rootshare\Movies\Memento (2000)\Memento (2000) WEBDL-720p.mkv,\\TOWER\rootshare\Movies\Memento (2000),0.69,Memento,2000,tt0209144,Memento,2000,8.4,1408703,"Drama, Mystery, Thriller",113,KEEP,ok
\\TOWER\rootshare\Movies\Men in Black (1997)\Men in Black (1997) Bluray-1080p.mkv,\\TOWER\rootshare\Movies\Men in Black (1997),5.29,Men in Black,1997,tt0119654,Men in Black,1997,7.3,658335,"Action, Adventure, Comedy",98,KEEP,ok
\\TOWER\rootshare\Movies\Minority Report (2002)\Minority Report (2002) Bluray-720p.mkv,\\TOWER\rootshare\Movies\Minority Report (2002),7.19,Minority Report,2002,tt0181689,Minority Report,2002,7.6,614691,"Action, Crime, Mystery",145,KEEP,ok
\\TOWER\rootshare\Movies\Mission Impossible (1996)\Mission Impossible (1996) WEBDL-1080p.mkv,\\TOWER\rootshare\Movies\Mission Impossible (1996),1.71,Mission Impossible,1996,tt0117060,Mission: Impossible,1996,7.2,512528,"Action, Adventure, Thriller",110,KEEP,ok
\\TOWER\rootshare\Movies\Mission Impossible - Dead Reckoning Part One (2023)\Mission Impossible - Dead Reckoning Part One (2023) Bluray-1080p.mkv,\\TOWER\rootshare\Movies\Mission Impossible - Dead Reckoning Part One (2023),6.52,Mission Impossible,2023,tt9603212,Mission: Impossible - Dead Reckoning Part One,2023,7.6,322034,"Action, Adventure, Thriller",163,KEEP,ok
\\TOWER\rootshare\Movies\Mission Impossible - Dead Reckoning Part Two (2024)\Mission Impossible - The Final Reckoning (2025) WEBDL-720p.mkv,\\TOWER\rootshare\Movies\Mission Impossible - Dead Reckoning Part Two (2024),3.93,Mission Impossible,2024,tt32589718,Lakeside's Mission: Impossible,2024,,,"Action, Adventure, Thriller",,REMOVE,no rating/votes
\\TOWER\rootshare\Movies\Mission Impossible - Fallout (2018)\Mission Impossible - Fallout (2018) Bluray-720p.mkv,\\TOWER\rootshare\Movies\Mission Impossible - Fallout (2018),4.69,Mission Impossible,2018,tt4912910,Mission: Impossible - Fallout,2018,7.7,416423,"Action, Adventure, Thriller",147,KEEP,ok
\\TOWER\rootshare\Movies\Mission Impossible - Ghost Protocol (2011)\Mission Impossible - Ghost Protocol (2011) Bluray-720p.mkv,\\TOWER\rootshare\Movies\Mission Impossible - Ghost Protocol (2011),2.08,Mission Impossible,2011,tt1229238,Mission: Impossible - Ghost Protocol,2011,7.4,563098,"Action, Adventure, Thriller",132,KEEP,ok
\\TOWER\rootshare\Movies\Mission Impossible - Rogue Nation (2015)\Mission Impossible - Rogue Nation (2015) Bluray-720p.mkv,\\TOWER\rootshare\Movies\Mission Impossible - Rogue Nation (2015),4.54,Mission Impossible,2015,tt2381249,Mission: Impossible - Rogue Nation,2015,7.4,443421,"Action, Adventure, Thriller",131,KEEP,ok
\\TOWER\rootshare\Movies\Moana (2016)\Moana (2016) Bluray-720p.mkv,\\TOWER\rootshare\Movies\Moana (2016),4.42,Moana,2016,tt3521164,Moana,2016,7.6,432781,"Animation, Adventure, Comedy",107,KEEP,ok
\\TOWER\rootshare\Movies\Moneyball (2011)\Moneyball (2011) Bluray-1080p.mkv,\\TOWER\rootshare\Movies\Moneyball (2011),2.0,Moneyball,2011,tt1210166,Moneyball,2011,7.6,501703,"Biography, Drama, Sport",133,KEEP,ok
\\TOWER\rootshare\Movies\Mulan (1998)\Mulan (1998) Bluray-1080p.mkv,\\TOWER\rootshare\Movies\Mulan (1998),3.54,Mulan,1998,tt0120762,Mulan,1998,7.7,336334,"Animation, Adventure, Comedy",87,KEEP,ok
\\TOWER\rootshare\Movies\My Fair Lady (1964)\My Fair Lady (1964) Bluray-720p.mkv,\\TOWER\rootshare\Movies\My Fair Lady (1964),5.46,My Fair Lady,1964,tt0058385,My Fair Lady,1964,7.7,105962,"Drama, Family, Musical",170,KEEP,ok
\\TOWER\rootshare\Movies\My Neighbour Totoro (1988)\My Neighbor Totoro (1988) WEBDL-1080p.mkv,\\TOWER\rootshare\Movies\My Neighbour Totoro (1988),6.55,My Neighbour Totoro,1988,,,,,,,,REMOVE,not found
\\TOWER\rootshare\Movies\Nausicaä of the Valley of the Wind (1984)\Nausicaä of the Valley of the Wind (1984) Bluray-720p.mkv,\\TOWER\rootshare\Movies\Nausicaä of the Valley of the Wind (1984),2.32,Nausicaä of the Valley of the Wind,1984,tt0087544,Nausicaä of the Valley of the Wind,1984,8.0,195095,"Animation, Adventure, Sci-Fi",117,KEEP,ok
\\TOWER\rootshare\Movies\No Time to Die (2021)\No Time to Die (2021) WEBDL-1080p.mkv,\\TOWER\rootshare\Movies\No Time to Die (2021),7.79,No Time to Die,2021,tt2382320,No Time to Die,2021,7.3,481524,"Action, Adventure, Thriller",163,KEEP,ok
\\TOWER\rootshare\Movies\North by Northwest (1959)\North by Northwest (1959) Bluray-720p.mkv,\\TOWER\rootshare\Movies\North by Northwest (1959),1.87,North by Northwest,1959,tt0053125,North by Northwest,1959,8.3,365925,"Adventure, Drama, Mystery",136,KEEP,ok
"\\TOWER\rootshare\Movies\O Brother, Where Art Thou! (2000)\O Brother, Where Art Thou! (2000) Bluray-720p.mkv","\\TOWER\rootshare\Movies\O Brother, Where Art Thou! (2000)",4.66,"O Brother, Where Art Thou!",2000,tt0190590,"O Brother, Where Art Thou?",2000,7.7,347212,"Adventure, Comedy, Crime",107,KEEP,ok
\\TOWER\rootshare\Movies\Ocean's Eleven (2001)\Ocean's Eleven (2001) Bluray-720p.mkv,\\TOWER\rootshare\Movies\Ocean's Eleven (2001),5.01,Ocean's Eleven,2001,tt0240772,Ocean's Eleven,2001,7.7,664238,"Crime, Thriller",116,KEEP,ok
\\TOWER\rootshare\Movies\Office Space (1999)\Office Space (1999) Bluray-1080p.mkv,\\TOWER\rootshare\Movies\Office Space (1999),4.52,Office Space,1999,tt0151804,Office Space,1999,7.6,304367,Comedy,89,KEEP,ok
\\TOWER\rootshare\Movies\Once Upon a Time in America (1984)\Once Upon a Time in America (1984) Bluray-1080p.mkv,\\TOWER\rootshare\Movies\Once Upon a Time in America (1984),15.99,Once Upon a Time in America,1984,tt0087843,Once Upon a Time in America,1984,8.3,405689,"Crime, Drama",229,KEEP,ok
\\TOWER\rootshare\Movies\Once Upon a Time… in Hollywood (2019)\Once Upon a Time. in Hollywood (2019) Bluray-1080p Proper.mkv,\\TOWER\rootshare\Movies\Once Upon a Time… in Hollywood (2019),2.51,Once Upon a Time… in Hollywood,2019,,,,,,,,REMOVE,not found
\\TOWER\rootshare\Movies\One Flew Over the Cuckoo's Nest (1975)\One Flew Over the Cuckoo's Nest (1975) Bluray-1080p.mkv,\\TOWER\rootshare\Movies\One Flew Over the Cuckoo's Nest (1975),7.04,One Flew Over the Cuckoo's Nest,1975,tt0073486,One Flew Over the Cuckoo's Nest,1975,8.6,1145484,Drama,133,KEEP,ok
\\TOWER\rootshare\Movies\One Hundred and One Dalmatians (1961)\One Hundred and One Dalmatians (1961) Bluray-1080p.mkv,\\TOWER\rootshare\Movies\One Hundred and One Dalmatians (1961),3.53,One Hundred and One Dalmatians,1961,tt0055254,One Hundred and One Dalmatians,1961,7.3,192784,"Animation, Adventure, Comedy",79,KEEP,ok
\\TOWER\rootshare\Movies\Only Lovers Left Alive (2013)\Only Lovers Left Alive (2013) Bluray-1080p.mkv,\\TOWER\rootshare\Movies\Only Lovers Left Alive (2013),5.14,Only Lovers Left Alive,2013,tt1714915,Only Lovers Left Alive,2013,7.2,114359,"Comedy, Drama, Fantasy",123,KEEP,ok
\\TOWER\rootshare\Movies\Paddington (2014)\Paddington (2014) Bluray-1080p.mkv,\\TOWER\rootshare\Movies\Paddington (2014),5.62,Paddington,2014,tt1109624,Paddington,2014,7.3,151982,"Adventure, Comedy, Family",95,KEEP,ok
\\TOWER\rootshare\Movies\Paddington 2 (2017)\Paddington 2 (2017) Bluray-1080p.mkv,\\TOWER\rootshare\Movies\Paddington 2 (2017),3.26,Paddington 2,2017,tt4468740,Paddington 2,2017,7.8,111600,"Adventure, Comedy, Family",103,KEEP,ok
\\TOWER\rootshare\Movies\Paddington in Peru ()\Paddington in Peru (2024) Bluray-720p.mkv,\\TOWER\rootshare\Movies\Paddington in Peru (),3.92,Paddington in Peru,,tt5822536,Paddington in Peru,2024,6.6,31587,"Adventure, Comedy, Family",106,REMOVE,rating 6.6 < 7.0
\\TOWER\rootshare\Movies\Paperman (2012)\Paperman (2012) Bluray-720p.mkv,\\TOWER\rootshare\Movies\Paperman (2012),0.23,Paperman,2012,tt2388725,Paperman,2012,8.2,36403,"Animation, Short, Comedy",7,KEEP,ok
"\\TOWER\rootshare\Movies\Paris, Texas (1984)\Paris, Texas (1984) Bluray-720p.mkv","\\TOWER\rootshare\Movies\Paris, Texas (1984)",2.67,"Paris, Texas",1984,tt0087884,"Paris, Texas",1984,8.1,139064,Drama,145,KEEP,ok
\\TOWER\rootshare\Movies\Past Lives (2023)\Past Lives (2023) Bluray-720p.mkv,\\TOWER\rootshare\Movies\Past Lives (2023),3.11,Past Lives,2023,tt13238346,Past Lives,2023,7.8,165854,"Drama, Romance",105,KEEP,ok
\\TOWER\rootshare\Movies\Paths of Glory (1957)\Paths of Glory (1957) Bluray-720p Proper.mkv,\\TOWER\rootshare\Movies\Paths of Glory (1957),2.37,Paths of Glory,1957,tt0050825,Paths of Glory,1957,8.4,230917,"Drama, War",88,KEEP,ok
"\\TOWER\rootshare\Movies\Planes, Trains and Automobiles (1987)\Planes, Trains and Automobiles (1987) Bluray-1080p.mkv","\\TOWER\rootshare\Movies\Planes, Trains and Automobiles (1987)",4.94,"Planes, Trains and Automobiles",1987,,,,,,,,REMOVE,not found
\\TOWER\rootshare\Movies\Pom Poko (1994)\Pom Poko (1994) Bluray-720p.mkv,\\TOWER\rootshare\Movies\Pom Poko (1994),2.34,Pom Poko,1994,tt0110008,Pom Poko,1994,7.2,38168,"Animation, Comedy, Drama",119,KEEP,ok
\\TOWER\rootshare\Movies\Ponyo (2008)\Ponyo (2008) Bluray-720p.mkv,\\TOWER\rootshare\Movies\Ponyo (2008),2.59,Ponyo,2008,tt0876563,Ponyo,2008,7.6,182127,"Animation, Adventure, Comedy",101,KEEP,ok
\\TOWER\rootshare\Movies\Porco Rosso (1992)\Porco Rosso (1992) Bluray-720p.mkv,\\TOWER\rootshare\Movies\Porco Rosso (1992),1.84,Porco Rosso,1992,tt0104652,Porco Rosso,1992,7.7,114022,"Animation, Adventure, Comedy",94,KEEP,ok
\\TOWER\rootshare\Movies\Predator (1987)\Predator (1987) Bluray-1080p Proper.mkv,\\TOWER\rootshare\Movies\Predator (1987),4.51,Predator,1987,tt0093773,Predator,1987,7.8,494204,"Action, Adventure, Horror",107,KEEP,ok
\\TOWER\rootshare\Movies\Predator Badlands (2025)\Predator Badlands (2025) WEBDL-1080p.mkv,\\TOWER\rootshare\Movies\Predator Badlands (2025),10.25,Predator Badlands,2025,tt31227572,Predator: Badlands,2025,7.3,93907,"Action, Adventure, Sci-Fi",107,KEEP,ok
\\TOWER\rootshare\Movies\Predator Killer of Killers (2025)\Predator Killer of Killers (2025) WEBDL-1080p.mkv,\\TOWER\rootshare\Movies\Predator Killer of Killers (2025),2.2,Predator Killer of Killers,2025,tt36463894,Predator: Killer of Killers,2025,7.5,51628,"Animation, Action, Adventure",85,KEEP,ok
\\TOWER\rootshare\Movies\Prey (2022)\Prey (2022) WEBDL-1080p.mkv,\\TOWER\rootshare\Movies\Prey (2022),3.92,Prey,2022,tt11866324,Prey,2022,7.1,267591,"Action, Adventure, Horror",100,KEEP,ok
\\TOWER\rootshare\Movies\Pride & Prejudice (2005)\Pride & Prejudice (2005) Bluray-720p.mkv,\\TOWER\rootshare\Movies\Pride & Prejudice (2005),4.09,Pride & Prejudice,2005,tt0414387,Pride & Prejudice,2005,7.8,368401,"Drama, Romance",129,KEEP,ok
\\TOWER\rootshare\Movies\Princess Mononoke (1997)\Princess Mononoke (1997) Bluray-720p.mkv,\\TOWER\rootshare\Movies\Princess Mononoke (1997),3.02,Princess Mononoke,1997,tt0119698,Princess Mononoke,1997,8.3,477867,"Animation, Adventure, Fantasy",133,KEEP,ok
\\TOWER\rootshare\Movies\Psycho (1960)\Psycho (1960) Bluray-720p.mkv,\\TOWER\rootshare\Movies\Psycho (1960),2.57,Psycho,1960,tt0054215,Psycho,1960,8.5,765542,"Drama, Horror, Mystery",109,KEEP,ok
\\TOWER\rootshare\Movies\Pulp Fiction (1994)\Pulp Fiction (1994) Bluray-720p.mkv,\\TOWER\rootshare\Movies\Pulp Fiction (1994),6.28,Pulp Fiction,1994,tt0110912,Pulp Fiction,1994,8.8,2410498,"Crime, Drama",154,KEEP,ok
\\TOWER\rootshare\Movies\Raiders of the Lost Ark (1981)\Raiders of the Lost Ark (1981) Bluray-720p.mkv,\\TOWER\rootshare\Movies\Raiders of the Lost Ark (1981),2.24,Raiders of the Lost Ark,1981,tt0082971,Raiders of the Lost Ark,1981,8.4,1102713,"Action, Adventure",115,KEEP,ok
\\TOWER\rootshare\Movies\Ready Player One (2018)\Ready Player One (2018) Bluray-720p.mkv,\\TOWER\rootshare\Movies\Ready Player One (2018),4.46,Ready Player One,2018,tt1677720,Ready Player One,2018,7.4,536233,"Action, Adventure, Sci-Fi",140,KEEP,ok
\\TOWER\rootshare\Movies\Rear Window (1954)\Rear Window (1954) Bluray-720p.mkv,\\TOWER\rootshare\Movies\Rear Window (1954),3.45,Rear Window,1954,tt0047396,Rear Window,1954,8.5,561392,"Drama, Mystery, Thriller",112,KEEP,ok
\\TOWER\rootshare\Movies\Rental Family (2025)\Rental Family (2025) WEBDL-720p.mkv,\\TOWER\rootshare\Movies\Rental Family (2025),1.84,Rental Family,2025,tt14142060,Rental Family,2025,7.9,6430,"Comedy, Drama",110,KEEP,ok
\\TOWER\rootshare\Movies\Reservoir Dogs (1992)\Reservoir Dogs (1992) Bluray-720p.mkv,\\TOWER\rootshare\Movies\Reservoir Dogs (1992),4.43,Reservoir Dogs,1992,tt0105236,Reservoir Dogs,1992,8.3,1157830,"Crime, Thriller",99,KEEP,ok
\\TOWER\rootshare\Movies\Return of the Jedi (1983)\Return of the Jedi (1983) Remux-1080p.mkv,\\TOWER\rootshare\Movies\Return of the Jedi (1983),23.47,Return of the Jedi,1983,tt0086190,Star Wars: Episode VI - Return of the Jedi,1983,8.3,1192608,"Action, Adventure, Fantasy",131,KEEP,ok
\\TOWER\rootshare\Movies\Rise of the Planet of the Apes (2011)\Rise of the Planet of the Apes (2011) Bluray-720p Proper.mkv,\\TOWER\rootshare\Movies\Rise of the Planet of the Apes (2011),2.08,Rise of the Planet of the Apes,2011,tt1318514,Rise of the Planet of the Apes,2011,7.6,600908,"Action, Drama, Sci-Fi",105,KEEP,ok
\\TOWER\rootshare\Movies\RoboCop (1987)\RoboCop (1987) Bluray-720p.mkv,\\TOWER\rootshare\Movies\RoboCop (1987),5.76,RoboCop,1987,tt0093870,RoboCop,1987,7.6,304750,"Action, Crime, Sci-Fi",102,KEEP,ok
\\TOWER\rootshare\Movies\Rocky (1976)\Rocky (1976) Bluray-720p.mkv,\\TOWER\rootshare\Movies\Rocky (1976),5.29,Rocky,1976,tt0075148,Rocky,1976,8.1,679108,"Drama, Sport",120,KEEP,ok
\\TOWER\rootshare\Movies\Rocky Balboa (2006)\Rocky Balboa (2006) Bluray-720p.mkv,\\TOWER\rootshare\Movies\Rocky Balboa (2006),5.9,Rocky Balboa,2006,tt0479143,Rocky Balboa,2006,7.1,241717,"Drama, Sport",102,KEEP,ok
\\TOWER\rootshare\Movies\Rocky II (1979)\Rocky II (1979) Bluray-720p.mkv,\\TOWER\rootshare\Movies\Rocky II (1979),6.41,Rocky II,1979,tt0079817,Rocky II,1979,7.3,244365,"Drama, Sport",119,KEEP,ok
\\TOWER\rootshare\Movies\Rogue One A Star Wars Story (2016)\Rogue One A Star Wars Story (2016) Bluray-1080p.mkv,\\TOWER\rootshare\Movies\Rogue One A Star Wars Story (2016),7.4,Rogue One A Star Wars Story,2016,tt3748528,Rogue One: A Star Wars Story,2016,7.8,748381,"Action, Adventure, Sci-Fi",133,KEEP,ok
\\TOWER\rootshare\Movies\Rogue Trader (1999)\Rogue Trader (1999) WEBDL-1080p.mkv,\\TOWER\rootshare\Movies\Rogue Trader (1999),1.99,Rogue Trader,1999,tt0131566,Rogue Trader,1999,6.4,10874,"Crime, Drama, History",101,REMOVE,rating 6.4 < 7.0
\\TOWER\rootshare\Movies\Roofman (2025)\Roofman (2025) Bluray-720p.mkv,\\TOWER\rootshare\Movies\Roofman (2025),9.54,Roofman,2025,tt4627382,Roofman,2025,7.0,38693,"Biography, Crime, Drama",126,KEEP,ok
\\TOWER\rootshare\Movies\Saving Private Ryan (1998)\Saving Private Ryan (1998) Bluray-720p.mkv,\\TOWER\rootshare\Movies\Saving Private Ryan (1998),2.34,Saving Private Ryan,1998,tt0120815,Saving Private Ryan,1998,8.6,1613013,"Drama, War",169,KEEP,ok
\\TOWER\rootshare\Movies\Scarface (1983)\Scarface (1983) Bluray-720p.mkv,\\TOWER\rootshare\Movies\Scarface (1983),7.07,Scarface,1983,tt0086250,Scarface,1983,8.3,997754,"Crime, Drama",170,KEEP,ok
\\TOWER\rootshare\Movies\Schindler's List (1993)\Schindler's List (1993) Bluray-1080p.mkv,\\TOWER\rootshare\Movies\Schindler's List (1993),11.25,Schindler's List,1993,tt0108052,Schindler's List,1993,9.0,1564912,"Biography, Drama, History",195,KEEP,ok
\\TOWER\rootshare\Movies\Scott Pilgrim vs. the World (2010)\Scott Pilgrim vs. the World (2010) Bluray-1080p.mkv,\\TOWER\rootshare\Movies\Scott Pilgrim vs. the World (2010),11.17,Scott Pilgrim vs the World,2010,tt0446029,Scott Pilgrim vs. the World,2010,7.5,491518,"Action, Comedy, Fantasy",112,KEEP,ok
\\TOWER\rootshare\Movies\Se7en (1995)\Se7en (1995) Bluray-720p.mkv,\\TOWER\rootshare\Movies\Se7en (1995),5.87,Se7en,1995,tt0114369,Se7en,1995,8.6,1995504,"Crime, Drama, Mystery",127,KEEP,ok
\\TOWER\rootshare\Movies\Sexy Beast (2000)\Sexy Beast (2001) WEBDL-720p.mkv,\\TOWER\rootshare\Movies\Sexy Beast (2000),1.87,Sexy Beast,2000,tt0203119,Sexy Beast,2000,7.3,73041,"Crime, Drama, Thriller",89,KEEP,ok
\\TOWER\rootshare\Movies\Shaun of the Dead (2004)\Shaun of the Dead (2004) Bluray-720p.mkv,\\TOWER\rootshare\Movies\Shaun of the Dead (2004),4.33,Shaun of the Dead,2004,tt0365748,Shaun of the Dead,2004,7.8,630456,"Comedy, Horror",99,KEEP,ok
\\TOWER\rootshare\Movies\Sherlock Holmes (2009)\Sherlock Holmes (2009) HDTV-720p.mp4,\\TOWER\rootshare\Movies\Sherlock Holmes (2009),1.82,Sherlock Holmes,2009,tt0988045,Sherlock Holmes,2009,7.5,702387,"Action, Adventure, Mystery",128,KEEP,ok
\\TOWER\rootshare\Movies\Shin Godzilla (2016)\Shin Godzilla (2016) Bluray-1080p Proper.mkv,\\TOWER\rootshare\Movies\Shin Godzilla (2016),9.67,Shin Godzilla,2016,tt4262980,Shin Godzilla,2016,6.8,43178,"Action, Drama, Horror",120,REMOVE,rating 6.8 < 7.0
\\TOWER\rootshare\Movies\Shrek (2001)\Shrek (2001) Bluray-720p.mkv,\\TOWER\rootshare\Movies\Shrek (2001),1.28,Shrek,2001,tt0126029,Shrek,2001,7.9,797094,"Animation, Adventure, Comedy",90,KEEP,ok
\\TOWER\rootshare\Movies\Shrek 2 (2004)\Shrek 2 (2004) Bluray-1080p.mkv,\\TOWER\rootshare\Movies\Shrek 2 (2004),3.47,Shrek 2,2004,tt0298148,Shrek 2,2004,7.4,550541,"Animation, Adventure, Comedy",93,KEEP,ok
\\TOWER\rootshare\Movies\Sicario (2015)\Sicario (2015) Bluray-720p.mkv,\\TOWER\rootshare\Movies\Sicario (2015),3.81,Sicario,2015,tt3397884,Sicario,2015,7.7,527661,"Action, Crime, Drama",121,KEEP,ok
\\TOWER\rootshare\Movies\Skyfall (2012)\Skyfall (2012) Bluray-720p.mkv,\\TOWER\rootshare\Movies\Skyfall (2012),5.51,Skyfall,2012,tt1074638,Skyfall,2012,7.8,764166,"Action, Adventure, Thriller",143,KEEP,ok
\\TOWER\rootshare\Movies\Sleeping Beauty (1959)\Sleeping Beauty (1959) Bluray-720p.mkv,\\TOWER\rootshare\Movies\Sleeping Beauty (1959),2.02,Sleeping Beauty,1959,tt0053285,Sleeping Beauty,1959,7.2,170874,"Animation, Adventure, Family",75,KEEP,ok
\\TOWER\rootshare\Movies\Snatch (2000)\Snatch (2000) Bluray-720p.mkv,\\TOWER\rootshare\Movies\Snatch (2000),1.44,Snatch,2000,tt0208092,Snatch,2000,8.2,966480,"Comedy, Crime",102,KEEP,ok
\\TOWER\rootshare\Movies\Solo A Star Wars Story (2018)\Solo A Star Wars Story (2018) Bluray-720p Proper.mkv,\\TOWER\rootshare\Movies\Solo A Star Wars Story (2018),4.03,Solo A Star Wars Story,2018,tt3778644,Solo: A Star Wars Story,2018,6.9,404169,"Action, Adventure, Sci-Fi",135,REMOVE,rating 6.9 < 7.0
\\TOWER\rootshare\Movies\Some Like It Hot (1959)\Some Like It Hot (1959) Bluray-720p.mkv,\\TOWER\rootshare\Movies\Some Like It Hot (1959),4.58,Some Like It Hot,1959,tt0053291,Some Like It Hot,1959,8.2,303429,"Comedy, Music, Romance",121,KEEP,ok
\\TOWER\rootshare\Movies\Spartacus (1960)\Spartacus (1960) Bluray-720p.mkv,\\TOWER\rootshare\Movies\Spartacus (1960),5.83,Spartacus,1960,tt0054331,Spartacus,1960,7.9,150618,"Adventure, Biography, Drama",197,KEEP,ok
\\TOWER\rootshare\Movies\Spider-Man - Into The Spider-Verse (2018)\Spider-Man Into the Spider-Verse (2018) HDTV-1080p.mp4,\\TOWER\rootshare\Movies\Spider-Man - Into The Spider-Verse (2018),2.74,Spider-Man,2018,tt4633694,Spider-Man: Into the Spider-Verse,2018,8.4,777014,"Animation, Action, Adventure",117,KEEP,ok
\\TOWER\rootshare\Movies\Spider-Man 2 (2004)\Spider-Man 2 (2004) Bluray-720p Proper.mkv,\\TOWER\rootshare\Movies\Spider-Man 2 (2004),0.82,Spider-Man 2,2004,tt0316654,Spider-Man 2,2004,7.5,777496,"Action, Adventure, Sci-Fi",127,KEEP,ok
\\TOWER\rootshare\Movies\Spider-Man Across the Spider-Verse (2023)\Spider-Man Across the Spider-Verse (2023) WEBRip-1080p.mkv,\\TOWER\rootshare\Movies\Spider-Man Across the Spider-Verse (2023),1.28,Spider-Man Across the Spider-Verse,2023,tt9362722,Spider-Man: Across the Spider-Verse,2023,8.5,509515,"Animation, Action, Adventure",140,KEEP,ok
\\TOWER\rootshare\Movies\Spider-Man No Way Home (2021)\Spider-Man No Way Home (2021) Bluray-1080p.mkv,\\TOWER\rootshare\Movies\Spider-Man No Way Home (2021),3.26,Spider-Man No Way Home,2021,tt10872600,Spider-Man: No Way Home,2021,8.1,1003969,"Action, Adventure, Fantasy",148,KEEP,ok
\\TOWER\rootshare\Movies\Spirited Away (2001)\Spirited Away (2001) Bluray-720p.mkv,\\TOWER\rootshare\Movies\Spirited Away (2001),3.46,Spirited Away,2001,tt0245429,Spirited Away,2001,8.6,954145,"Animation, Adventure, Family",124,KEEP,ok
\\TOWER\rootshare\Movies\Splash (1984)\Splash (1984) Bluray-720p.mkv,\\TOWER\rootshare\Movies\Splash (1984),0.47,Splash,1984,tt0088161,Splash,1984,6.3,86831,"Comedy, Fantasy, Romance",111,REMOVE,rating 6.3 < 7.0
\\TOWER\rootshare\Movies\Star Wars (1977)\Star Wars (1977) Remux-1080p.mkv,\\TOWER\rootshare\Movies\Star Wars (1977),21.55,Star Wars,1977,tt0076759,Star Wars: Episode IV - A New Hope,1977,8.6,1555851,"Action, Adventure, Fantasy",121,KEEP,ok
\\TOWER\rootshare\Movies\Star Wars Episode I - The Phantom Menace (1999)\Star Wars Episode I - The Phantom Menace (1999) Bluray-720p.mkv,\\TOWER\rootshare\Movies\Star Wars Episode I - The Phantom Menace (1999),2.53,Star Wars Episode I,1999,tt0120915,Star Wars: Episode I - The Phantom Menace,1999,6.5,917424,"Action, Adventure, Fantasy",136,REMOVE,rating 6.5 < 7.0
\\TOWER\rootshare\Movies\Star Wars Episode II - Attack of the Clones (2002)\Star Wars Episode II - Attack of the Clones (2002) Bluray-720p.mkv,\\TOWER\rootshare\Movies\Star Wars Episode II - Attack of the Clones (2002),2.42,Star Wars Episode II,2002,tt0121765,Star Wars: Episode II - Attack of the Clones,2002,6.6,815170,"Action, Adventure, Fantasy",142,REMOVE,rating 6.6 < 7.0
\\TOWER\rootshare\Movies\Star Wars Episode III - Revenge of the Sith (2005)\Star Wars Episode III - Revenge of the Sith (2005) Bluray-720p.mkv,\\TOWER\rootshare\Movies\Star Wars Episode III - Revenge of the Sith (2005),5.32,Star Wars Episode III,2005,tt0121766,Star Wars: Episode III - Revenge of the Sith,2005,7.7,912634,"Action, Adventure, Fantasy",140,KEEP,ok
\\TOWER\rootshare\Movies\Star Wars The Force Awakens (2015)\Star Wars The Force Awakens (2015) Bluray-720p.mkv,\\TOWER\rootshare\Movies\Star Wars The Force Awakens (2015),5.58,Star Wars The Force Awakens,2015,tt7768640,Star Wars: The Force Awakens World Premiere Red Carpet,2015,6.7,6,News,108,REMOVE,rating 6.7 < 7.0
\\TOWER\rootshare\Movies\Star Wars The Last Jedi (2017)\Star Wars The Last Jedi (2017) Bluray-720p.mkv,\\TOWER\rootshare\Movies\Star Wars The Last Jedi (2017),7.23,Star Wars The Last Jedi,2017,tt7769872,Star Wars: The Last Jedi Cast Live Q&A,2017,4.3,72,"Short, Talk-Show",26,REMOVE,rating 4.3 < 7.0
\\TOWER\rootshare\Movies\Star Wars The Rise of Skywalker (2019)\Star Wars The Rise of Skywalker (2019) Bluray-720p.mkv,\\TOWER\rootshare\Movies\Star Wars The Rise of Skywalker (2019),4.56,Star Wars The Rise of Skywalker,2019,tt11464830,Live from the Red Carpet of Star Wars: The Rise of Skywalker,2019,,,,126,REMOVE,no rating/votes
\\TOWER\rootshare\Movies\Superbad (2007)\Superbad (2007) Bluray-720p.mkv,\\TOWER\rootshare\Movies\Superbad (2007),2.4,Superbad,2007,tt0829482,Superbad,2007,7.6,682160,Comedy,113,KEEP,ok
\\TOWER\rootshare\Movies\Superman (1978)\Superman (1978) Bluray-720p.mkv,\\TOWER\rootshare\Movies\Superman (1978),5.36,Superman,1978,tt0078346,Superman,1978,7.4,205928,"Action, Adventure, Sci-Fi",143,KEEP,ok
\\TOWER\rootshare\Movies\Superman Man of Tomorrow (2020)\Superman Man of Tomorrow (2020) WEBRip-720p.mkv,\\TOWER\rootshare\Movies\Superman Man of Tomorrow (2020),1.47,Superman Man of Tomorrow,2020,tt11079116,Superman: Man of Tomorrow,2020,6.4,4920,"Animation, Action, Sci-Fi",86,REMOVE,rating 6.4 < 7.0
\\TOWER\rootshare\Movies\Superman Unbound (2013)\Superman Unbound (2013) Bluray-720p.mkv,\\TOWER\rootshare\Movies\Superman Unbound (2013),1.53,Superman Unbound,2013,tt2617456,Superman: Unbound,2013,6.6,11873,"Animation, Action, Adventure",75,REMOVE,rating 6.6 < 7.0
\\TOWER\rootshare\Movies\Superman vs. The Elite (2012)\Superman vs. The Elite (2012) Bluray-720p.mkv,\\TOWER\rootshare\Movies\Superman vs. The Elite (2012),2.05,Superman vs The Elite,2012,tt2224455,Superman vs. The Elite,2012,7.1,12965,"Animation, Action, Sci-Fi",76,KEEP,ok
\\TOWER\rootshare\Movies\Swiss Army Man (2016)\Swiss Army Man (2016) Bluray-720p.mkv,\\TOWER\rootshare\Movies\Swiss Army Man (2016),3.37,Swiss Army Man,2016,tt4034354,Swiss Army Man,2016,6.9,139037,"Comedy, Drama, Fantasy",97,REMOVE,rating 6.9 < 7.0
\\TOWER\rootshare\Movies\Take Care of Maya (2023)\Take Care of Maya (2023) WEBDL-720p.mkv,\\TOWER\rootshare\Movies\Take Care of Maya (2023),1.64,Take Care of Maya,2023,tt27542448,Take Care of Maya,2023,7.7,11227,Documentary,103,KEEP,ok
\\TOWER\rootshare\Movies\Tangled (2010)\Tangled (2010) Bluray-1080p Proper.mkv,\\TOWER\rootshare\Movies\Tangled (2010),4.34,Tangled,2010,tt0398286,Tangled,2010,7.7,536044,"Animation, Adventure, Comedy",100,KEEP,ok
\\TOWER\rootshare\Movies\Taxi Driver (1976)\Taxi Driver (1976) Bluray-720p.mkv,\\TOWER\rootshare\Movies\Taxi Driver (1976),5.25,Taxi Driver,1976,tt0075314,Taxi Driver,1976,8.2,1008829,"Crime, Drama",114,KEEP,ok
\\TOWER\rootshare\Movies\Teenage Mutant Ninja Turtles Mutant Mayhem (2023)\Teenage Mutant Ninja Turtles Mutant Mayhem (2023) Bluray-720p.mkv,\\TOWER\rootshare\Movies\Teenage Mutant Ninja Turtles Mutant Mayhem (2023),3.52,Teenage Mutant Ninja Turtles Mutant Mayhem,2023,tt8589698,Teenage Mutant Ninja Turtles: Mutant Mayhem,2023,7.2,76343,"Animation, Action, Adventure",99,KEEP,ok
\\TOWER\rootshare\Movies\Terminator 2 Judgment Day (1991)\Terminator 2 Judgment Day (1991) Bluray-720p.mkv,\\TOWER\rootshare\Movies\Terminator 2 Judgment Day (1991),5.04,Terminator 2 Judgment Day,1991,tt0103064,Terminator 2: Judgment Day,1991,8.6,1276343,"Action, Adventure, Sci-Fi",137,KEEP,ok
\\TOWER\rootshare\Movies\The Apartment (1960)\The Apartment (1960) Bluray-1080p.mkv,\\TOWER\rootshare\Movies\The Apartment (1960),4.02,The Apartment,1960,tt0053604,The Apartment,1960,8.3,213420,"Comedy, Drama, Romance",125,KEEP,ok
\\TOWER\rootshare\Movies\The Avengers (2012)\The Avengers (2012) Bluray-720p.mkv,\\TOWER\rootshare\Movies\The Avengers (2012),7.12,The Avengers,2012,tt0848228,The Avengers,2012,8.0,1540341,"Action, Sci-Fi",143,KEEP,ok
\\TOWER\rootshare\Movies\The Batman (2022)\The Batman (2022) WEBDL-1080p Proper REAL.mkv,\\TOWER\rootshare\Movies\The Batman (2022),5.99,The Batman,2022,tt1877830,The Batman,2022,7.8,913407,"Action, Crime, Drama",176,KEEP,ok
\\TOWER\rootshare\Movies\The Big Lebowski (1998)\The Big Lebowski (1998) WEBDL-1080p.mkv,\\TOWER\rootshare\Movies\The Big Lebowski (1998),4.41,The Big Lebowski,1998,tt0118715,The Big Lebowski,1998,8.1,907700,"Comedy, Crime",117,KEEP,ok
\\TOWER\rootshare\Movies\The Bourne Identity (2002)\The Bourne Identity (2002) Bluray-720p.mkv,\\TOWER\rootshare\Movies\The Bourne Identity (2002),5.33,The Bourne Identity,2002,tt0258463,The Bourne Identity,2002,7.8,606363,"Action, Mystery, Thriller",119,KEEP,ok
\\TOWER\rootshare\Movies\The Bourne Supremacy (2004)\The Bourne Supremacy (2004) Bluray-720p.mkv,\\TOWER\rootshare\Movies\The Bourne Supremacy (2004),5.18,The Bourne Supremacy,2004,tt0372183,The Bourne Supremacy,2004,7.7,508921,"Action, Mystery, Thriller",108,KEEP,ok
\\TOWER\rootshare\Movies\The Bourne Ultimatum (2007)\The Bourne Ultimatum (2007) Bluray-720p.mkv,\\TOWER\rootshare\Movies\The Bourne Ultimatum (2007),5.26,The Bourne Ultimatum,2007,tt0440963,The Bourne Ultimatum,2007,8.0,679041,"Action, Mystery, Thriller",115,KEEP,ok
\\TOWER\rootshare\Movies\The Boy and the Heron (2023)\The Boy and the Heron (2023) WEBRip-720p.mkv,\\TOWER\rootshare\Movies\The Boy and the Heron (2023),0.49,The Boy and the Heron,2023,tt6587046,The Boy and the Heron,2023,7.3,120587,"Animation, Adventure, Drama",124,KEEP,ok
\\TOWER\rootshare\Movies\The Dark Knight (2008)\The Dark Knight (2008) Bluray-1080p.mkv,\\TOWER\rootshare\Movies\The Dark Knight (2008),3.18,The Dark Knight,2008,tt0468569,The Dark Knight,2008,9.1,3115102,"Action, Crime, Drama",152,KEEP,ok
\\TOWER\rootshare\Movies\The Dark Knight Rises (2012)\The Dark Knight Rises (2012) Bluray-720p.mkv,\\TOWER\rootshare\Movies\The Dark Knight Rises (2012),2.27,The Dark Knight Rises,2012,tt1345836,The Dark Knight Rises,2012,8.4,1974176,"Action, Crime, Drama",164,KEEP,ok
\\TOWER\rootshare\Movies\The Day After (1983)\The Day After (1983) DVD.mkv,\\TOWER\rootshare\Movies\The Day After (1983),0.86,The Day After,1983,tt0085404,The Day After,1983,7.0,18955,"Drama, Sci-Fi",127,KEEP,ok
\\TOWER\rootshare\Movies\The Death of Stalin (2017)\The Death of Stalin (2017) Bluray-1080p.mkv,\\TOWER\rootshare\Movies\The Death of Stalin (2017),6.01,The Death of Stalin,2017,tt4686844,The Death of Stalin,2017,7.3,124462,"Comedy, Drama, History",107,KEEP,ok
\\TOWER\rootshare\Movies\The Deer Hunter (1978)\The Deer Hunter (1978) Bluray-1080p.mkv,\\TOWER\rootshare\Movies\The Deer Hunter (1978),5.44,The Deer Hunter,1978,tt0077416,The Deer Hunter,1978,8.1,381724,"Drama, War",183,KEEP,ok
\\TOWER\rootshare\Movies\The Departed (2006)\The Departed (2006) Bluray-720p.mkv,\\TOWER\rootshare\Movies\The Departed (2006),2.37,The Departed,2006,tt0407887,The Departed,2006,8.5,1538133,"Crime, Drama, Thriller",151,KEEP,ok
\\TOWER\rootshare\Movies\The Empire Strikes Back (1980)\The Empire Strikes Back (1980) Remux-1080p.mkv,\\TOWER\rootshare\Movies\The Empire Strikes Back (1980),24.79,The Empire Strikes Back,1980,tt0080684,Star Wars: Episode V - The Empire Strikes Back,1980,8.7,1490112,"Action, Adventure, Fantasy",124,KEEP,ok
\\TOWER\rootshare\Movies\The Exorcist (1973)\The Exorcist (1973) Bluray-720p.mkv,\\TOWER\rootshare\Movies\The Exorcist (1973),7.45,The Exorcist,1973,tt0070047,The Exorcist,1973,8.1,493216,Horror,122,KEEP,ok
\\TOWER\rootshare\Movies\The Father (2020)\The Father (2020) WEBDL-1080p.mkv,\\TOWER\rootshare\Movies\The Father (2020),2.79,The Father,2020,tt10272386,The Father,2020,8.2,240885,"Drama, Mystery",97,KEEP,ok
\\TOWER\rootshare\Movies\The Favourite (2018)\The Favourite (2018) Bluray-720p.mkv,\\TOWER\rootshare\Movies\The Favourite (2018),5.22,The Favourite,2018,tt5083738,The Favourite,2018,7.5,255117,"Biography, Comedy, Drama",119,KEEP,ok
\\TOWER\rootshare\Movies\The French Connection (1971)\The French Connection (1971) Bluray-720p.mkv,\\TOWER\rootshare\Movies\The French Connection (1971),5.18,The French Connection,1971,tt0067116,The French Connection,1971,7.7,149165,"Action, Crime, Drama",104,KEEP,ok
\\TOWER\rootshare\Movies\The Godfather (1972)\The Godfather (1972) Bluray-720p.mkv,\\TOWER\rootshare\Movies\The Godfather (1972),8.2,The Godfather,1972,tt0068646,The Godfather,1972,9.2,2190120,"Crime, Drama",175,KEEP,ok
\\TOWER\rootshare\Movies\The Godfather Part II (1974)\The Godfather Part II (1974) WEBDL-720p.mkv,\\TOWER\rootshare\Movies\The Godfather Part II (1974),1.79,The Godfather,1974,tt0071562,The Godfather Part II,1974,9.0,1478804,"Crime, Drama",202,KEEP,ok
"\\TOWER\rootshare\Movies\The Good, the Bad and the Ugly (1966)\The Good, the Bad and the Ugly (1966) Bluray-720p.mkv","\\TOWER\rootshare\Movies\The Good, the Bad and the Ugly (1966)",7.09,"The Good, the Bad and the Ugly",1966,tt0060196,"The Good, the Bad and the Ugly",1966,8.8,880263,"Adventure, Drama, Western",178,KEEP,ok
\\TOWER\rootshare\Movies\The Goonies (1985)\The Goonies (1985) Bluray-720p.mkv,\\TOWER\rootshare\Movies\The Goonies (1985),5.29,The Goonies,1985,tt0089218,The Goonies,1985,7.7,322690,"Adventure, Comedy, Family",114,KEEP,ok
\\TOWER\rootshare\Movies\The Grand Budapest Hotel (2014)\The Grand Budapest Hotel (2014) Bluray-720p.mkv,\\TOWER\rootshare\Movies\The Grand Budapest Hotel (2014),1.3,The Grand Budapest Hotel,2014,tt2278388,The Grand Budapest Hotel,2014,8.1,956421,"Comedy, Drama",99,KEEP,ok
\\TOWER\rootshare\Movies\The Hateful Eight (2015)\The Hateful Eight (2015) Bluray-720p.mkv,\\TOWER\rootshare\Movies\The Hateful Eight (2015),5.75,The Hateful Eight,2015,tt3460252,The Hateful Eight,2015,7.8,712947,"Crime, Drama, Mystery",168,KEEP,ok
\\TOWER\rootshare\Movies\The Imitation Game (2014)\The Imitation Game (2014) WEBDL-1080p.mkv,\\TOWER\rootshare\Movies\The Imitation Game (2014),2.1,The Imitation Game,2014,tt2084970,The Imitation Game,2014,8.0,869488,"Biography, Drama, Thriller",114,KEEP,ok
\\TOWER\rootshare\Movies\The Inventor Out for Blood in Silicon Valley (2019)\The Inventor Out for Blood in Silicon Valley (2019) WEBDL-720p.mkv,\\TOWER\rootshare\Movies\The Inventor Out for Blood in Silicon Valley (2019),1.35,The Inventor Out for Blood in Silicon Valley,2019,tt8488126,The Inventor: Out for Blood in Silicon Valley,2019,7.2,16126,"Documentary, Crime",119,KEEP,ok
\\TOWER\rootshare\Movies\The Irishman (2019)\The Irishman (2019) Bluray-720p.mkv,\\TOWER\rootshare\Movies\The Irishman (2019),8.39,The Irishman,2019,tt1302006,The Irishman,2019,7.8,465396,"Biography, Crime, Drama",209,KEEP,ok
\\TOWER\rootshare\Movies\The Jungle Book (1967)\The Jungle Book (1967) Bluray-720p.mkv,\\TOWER\rootshare\Movies\The Jungle Book (1967),0.8,The Jungle Book,1967,tt0061852,The Jungle Book,1967,7.6,211042,"Animation, Adventure, Comedy",78,KEEP,ok
\\TOWER\rootshare\Movies\The Lego Batman Movie (2017)\The Lego Batman Movie (2017) Bluray-1080p.mkv,\\TOWER\rootshare\Movies\The Lego Batman Movie (2017),4.15,The Lego Batman Movie,2017,tt4116284,The Lego Batman Movie,2017,7.3,189180,"Animation, Action, Adventure",104,KEEP,ok
\\TOWER\rootshare\Movies\The Lego Batman Movie (2017)\The Lego Batman Movie (2017) Bluray-720p.mkv,\\TOWER\rootshare\Movies\The Lego Batman Movie (2017),1.62,The Lego Batman Movie,2017,tt4116284,The Lego Batman Movie,2017,7.3,189180,"Animation, Action, Adventure",104,KEEP,ok
\\TOWER\rootshare\Movies\The Lego Movie (2014)\The Lego Movie (2014) Bluray-2160p.mkv,\\TOWER\rootshare\Movies\The Lego Movie (2014),6.75,The Lego Movie,2014,tt1490017,The Lego Movie,2014,7.7,411857,"Animation, Action, Adventure",100,KEEP,ok
\\TOWER\rootshare\Movies\The Lion King (1994)\The Lion King (1994) Bluray-1080p.mkv,\\TOWER\rootshare\Movies\The Lion King (1994),5.83,The Lion King,1994,tt0110357,The Lion King,1994,8.5,1240876,"Animation, Adventure, Drama",88,KEEP,ok
\\TOWER\rootshare\Movies\The Little Mermaid (1989)\The Little Mermaid (1989) Bluray-720p.mkv,\\TOWER\rootshare\Movies\The Little Mermaid (1989),3.57,The Little Mermaid,1989,tt0097757,The Little Mermaid,1989,7.6,308224,"Animation, Adventure, Family",83,KEEP,ok
\\TOWER\rootshare\Movies\The Lobster (2015)\The Lobster (2015) Bluray-720p.mkv,\\TOWER\rootshare\Movies\The Lobster (2015),4.76,The Lobster,2015,tt3464902,The Lobster,2015,7.1,329423,"Drama, Romance, Sci-Fi",119,KEEP,ok
\\TOWER\rootshare\Movies\The Lord of the Rings The Fellowship of the Ring (2001)\The Lord of the Rings The Fellowship of the Ring (2001) Bluray-1080p.mkv,\\TOWER\rootshare\Movies\The Lord of the Rings The Fellowship of the Ring (2001),11.07,The Lord of the Rings The Fellowship of the Ring,2001,tt0120737,The Lord of the Rings: The Fellowship of the Ring,2001,8.9,2190837,"Adventure, Drama, Fantasy",178,KEEP,ok
\\TOWER\rootshare\Movies\The Lord of the Rings The Return of the King (2003)\The Lord of the Rings The Return of the King (2003) Bluray-1080p.mkv,\\TOWER\rootshare\Movies\The Lord of the Rings The Return of the King (2003),4.67,The Lord of the Rings The Return of the King,2003,tt0167260,The Lord of the Rings: The Return of the King,2003,9.0,2142025,"Adventure, Drama, Fantasy",201,KEEP,ok
\\TOWER\rootshare\Movies\The Lord of the Rings The Two Towers (2002)\The Lord of the Rings The Two Towers (2002) Bluray-720p.mkv,\\TOWER\rootshare\Movies\The Lord of the Rings The Two Towers (2002),2.44,The Lord of the Rings The Two Towers,2002,tt0167261,The Lord of the Rings: The Two Towers,2002,8.8,1924755,"Adventure, Drama, Fantasy",179,KEEP,ok
\\TOWER\rootshare\Movies\The Man from Earth (2007)\The Man from Earth (2007) Bluray-720p.mkv,\\TOWER\rootshare\Movies\The Man from Earth (2007),3.0,The Man from Earth,2007,tt0756683,The Man from Earth,2007,7.8,214697,"Drama, Fantasy, Mystery",87,KEEP,ok
\\TOWER\rootshare\Movies\The Martian (2015)\The Martian (2015) Bluray-720p Proper.mkv,\\TOWER\rootshare\Movies\The Martian (2015),5.62,The Martian,2015,tt3659388,The Martian,2015,8.0,991502,"Adventure, Drama, Sci-Fi",144,KEEP,ok
\\TOWER\rootshare\Movies\The Matrix (1999)\The Matrix (1999) Bluray-720p.mkv,\\TOWER\rootshare\Movies\The Matrix (1999),3.04,The Matrix,1999,tt0133093,The Matrix,1999,8.7,2217731,"Action, Sci-Fi",136,KEEP,ok
\\TOWER\rootshare\Movies\The Matrix Reloaded (2003)\The Matrix Reloaded (2003) Bluray-1080p.mkv,\\TOWER\rootshare\Movies\The Matrix Reloaded (2003),3.99,The Matrix Reloaded,2003,tt0234215,The Matrix Reloaded,2003,7.2,666077,"Action, Sci-Fi",138,KEEP,ok
\\TOWER\rootshare\Movies\The Naked Gun From the Files of Police Squad! (1988)\The Naked Gun From the Files of Police Squad! (1988) Bluray-720p.mkv,\\TOWER\rootshare\Movies\The Naked Gun From the Files of Police Squad! (1988),0.41,The Naked Gun From the Files of Police Squad!,1988,tt0095705,The Naked Gun: From the Files of Police Squad!,1988,7.6,219235,"Comedy, Crime",85,KEEP,ok
\\TOWER\rootshare\Movies\The Nightmare Before Christmas (1993)\The Nightmare Before Christmas (1993) Bluray-720p Proper.mkv,\\TOWER\rootshare\Movies\The Nightmare Before Christmas (1993),1.68,The Nightmare Before Christmas,1993,tt0107688,The Nightmare Before Christmas,1993,7.9,407299,"Animation, Adventure, Family",76,KEEP,ok
\\TOWER\rootshare\Movies\The Others (2001)\The Others (2001) Bluray-1080p.mkv,\\TOWER\rootshare\Movies\The Others (2001),5.96,The Others,2001,tt0230600,The Others,2001,7.6,421571,"Horror, Mystery, Thriller",104,KEEP,ok
\\TOWER\rootshare\Movies\The Prestige (2006)\The Prestige (2006) Bluray-720p.mkv,\\TOWER\rootshare\Movies\The Prestige (2006),7.88,The Prestige,2006,tt0482571,The Prestige,2006,8.5,1560211,"Drama, Mystery, Sci-Fi",130,KEEP,ok
\\TOWER\rootshare\Movies\The Princess Bride (1987)\The Princess Bride (1987) Bluray-1080p.mkv,\\TOWER\rootshare\Movies\The Princess Bride (1987),7.07,The Princess Bride,1987,tt0093779,The Princess Bride,1987,8.0,481984,"Adventure, Comedy, Family",98,KEEP,ok
\\TOWER\rootshare\Movies\The Queen (2006)\The Queen (2006) Bluray-720p.mkv,\\TOWER\rootshare\Movies\The Queen (2006),2.1,The Queen,2006,tt0436697,The Queen,2006,7.3,118673,"Biography, Drama",103,KEEP,ok
\\TOWER\rootshare\Movies\The Running Man (2025)\The Running Man (2025) WEBDL-720p Proper.mkv,\\TOWER\rootshare\Movies\The Running Man (2025),3.39,The Running Man,2025,tt14107334,The Running Man,2025,6.4,73266,"Action, Adventure, Sci-Fi",133,REMOVE,rating 6.4 < 7.0
\\TOWER\rootshare\Movies\The Shawshank Redemption (1994)\The Shawshank Redemption (1994) Bluray-720p.mkv,\\TOWER\rootshare\Movies\The Shawshank Redemption (1994),4.64,The Shawshank Redemption,1994,tt0111161,The Shawshank Redemption,1994,9.3,3152337,Drama,142,KEEP,ok
\\TOWER\rootshare\Movies\The Shining (1980)\The Shining (1980) Bluray-720p.mkv,\\TOWER\rootshare\Movies\The Shining (1980),6.93,The Shining,1980,tt0081505,The Shining,1980,8.4,1209484,"Drama, Horror",146,KEEP,ok
\\TOWER\rootshare\Movies\The Social Dilemma (2020)\The Social Dilemma (2020) WEBDL-720p.mkv,\\TOWER\rootshare\Movies\The Social Dilemma (2020),0.41,The Social Dilemma,2020,tt11464826,The Social Dilemma,2020,7.6,93757,"Documentary, Drama",94,KEEP,ok
\\TOWER\rootshare\Movies\The Spy Who Loved Me (1977)\The Spy Who Loved Me (1977) Bluray-720p.mkv,\\TOWER\rootshare\Movies\The Spy Who Loved Me (1977),5.39,The Spy Who Loved Me,1977,tt0076752,The Spy Who Loved Me,1977,7.0,123115,"Action, Adventure, Thriller",125,KEEP,ok
\\TOWER\rootshare\Movies\The Terminator (1984)\The Terminator (1984) Bluray-1080p.mkv,\\TOWER\rootshare\Movies\The Terminator (1984),8.72,The Terminator,1984,tt0088247,The Terminator,1984,8.1,990690,"Action, Adventure, Sci-Fi",107,KEEP,ok
\\TOWER\rootshare\Movies\The Town (2010)\The Town (2010) Bluray-720p.mkv,\\TOWER\rootshare\Movies\The Town (2010),5.55,The Town,2010,tt0840361,The Town,2010,7.5,442359,"Crime, Drama, Thriller",125,KEEP,ok
\\TOWER\rootshare\Movies\The Toxic Avenger Unrated (2025)\The Toxic Avenger Unrated (2025) WEBDL-1080p.mkv,\\TOWER\rootshare\Movies\The Toxic Avenger Unrated (2025),3.87,The Toxic Avenger,2025,,,,,,,,REMOVE,not found
\\TOWER\rootshare\Movies\The Truman Show (1998)\The Truman Show (1998) WEBDL-1080p.mkv,\\TOWER\rootshare\Movies\The Truman Show (1998),3.02,The Truman Show,1998,tt0120382,The Truman Show,1998,8.2,1339282,"Comedy, Drama",103,KEEP,ok
\\TOWER\rootshare\Movies\The Two Popes (2019)\The Two Popes (2019) WEBDL-1080p.mkv,\\TOWER\rootshare\Movies\The Two Popes (2019),4.58,The Two Popes,2019,tt8404614,The Two Popes,2019,7.6,145187,"Biography, Drama",125,KEEP,ok
\\TOWER\rootshare\Movies\The Usual Suspects (1995)\The Usual Suspects (1995) WEBDL-1080p.mkv,\\TOWER\rootshare\Movies\The Usual Suspects (1995),2.15,The Usual Suspects,1995,tt0114814,The Usual Suspects,1995,8.5,1221679,"Crime, Drama, Mystery",106,KEEP,ok
\\TOWER\rootshare\Movies\The Velvet Underground (2021)\The Velvet Underground (2021) WEBDL-1080p.mkv,\\TOWER\rootshare\Movies\The Velvet Underground (2021),5.99,The Velvet Underground,2021,tt7230750,The Velvet Underground,2021,7.3,5909,"Documentary, Music",121,KEEP,ok
\\TOWER\rootshare\Movies\The Wild Robot (2024)\The Wild Robot (2024) WEBRip-1080p.mkv,\\TOWER\rootshare\Movies\The Wild Robot (2024),2.61,The Wild Robot,2024,tt29623480,The Wild Robot,2024,8.2,213032,"Animation, Adventure, Family",102,KEEP,ok
\\TOWER\rootshare\Movies\The Wind Rises (2013)\The Wind Rises (2013) Bluray-720p.mkv,\\TOWER\rootshare\Movies\The Wind Rises (2013),2.5,The Wind Rises,2013,tt2013293,The Wind Rises,2013,7.8,110521,"Animation, Biography, Drama",126,KEEP,ok
\\TOWER\rootshare\Movies\The Wolf of Wall Street (2013)\The Wolf of Wall Street (2013) Bluray-1080p.mp4,\\TOWER\rootshare\Movies\The Wolf of Wall Street (2013),3.33,The Wolf of Wall Street,2013,tt0993846,The Wolf of Wall Street,2013,8.2,1759293,"Biography, Comedy, Crime",180,KEEP,ok
\\TOWER\rootshare\Movies\The Wrecking Crew (2026)\The Wrecking Crew (2026) WEBDL-1080p.mkv,\\TOWER\rootshare\Movies\The Wrecking Crew (2026),4.55,The Wrecking Crew,2026,tt33046197,The Wrecking Crew,2026,6.5,14390,"Action, Comedy, Crime",124,REMOVE,rating 6.5 < 7.0
\\TOWER\rootshare\Movies\There Will Be Blood (2007)\There Will Be Blood (2007) Bluray-720p Proper.mkv,\\TOWER\rootshare\Movies\There Will Be Blood (2007),6.55,There Will Be Blood,2007,tt0469494,There Will Be Blood,2007,8.2,700517,Drama,158,KEEP,ok
\\TOWER\rootshare\Movies\They Shall Not Grow Old (2018)\They Shall Not Grow Old (2018) Bluray-720p.mkv,\\TOWER\rootshare\Movies\They Shall Not Grow Old (2018),3.55,They Shall Not Grow Old,2018,tt7905466,They Shall Not Grow Old,2018,8.2,40119,"Documentary, History, War",99,KEEP,ok
\\TOWER\rootshare\Movies\Thirteen Lives (2022)\Thirteen Lives (2022) WEBDL-720p.mkv,\\TOWER\rootshare\Movies\Thirteen Lives (2022),2.2,Thirteen Lives,2022,tt12262116,Thirteen Lives,2022,7.8,77224,"Biography, Drama, Thriller",147,KEEP,ok
\\TOWER\rootshare\Movies\This Is Spinal Tap (1984)\This Is Spinal Tap (1984) Remux-1080p.mkv,\\TOWER\rootshare\Movies\This Is Spinal Tap (1984),10.51,This Is Spinal Tap,1984,tt0088258,This Is Spinal Tap,1984,7.9,153607,"Comedy, Music",82,KEEP,ok
\\TOWER\rootshare\Movies\Threads (1984)\Threads (1984) Bluray-720p.mkv,\\TOWER\rootshare\Movies\Threads (1984),5.86,Threads,1984,tt0090163,Threads,1984,7.9,25540,"Drama, Sci-Fi, Thriller",112,KEEP,ok
\\TOWER\rootshare\Movies\Tinker Tailor Soldier Spy (2011)\Tinker Tailor Soldier Spy (2011) Bluray-720p.mkv,\\TOWER\rootshare\Movies\Tinker Tailor Soldier Spy (2011),4.14,Tinker Tailor Soldier Spy,2011,tt1340800,Tinker Tailor Soldier Spy,2011,7.0,225310,"Drama, Mystery, Thriller",127,KEEP,ok
\\TOWER\rootshare\Movies\Titanic (1997)\Titanic (1997) Bluray-720p Proper.mkv,\\TOWER\rootshare\Movies\Titanic (1997),4.27,Titanic,1997,tt0120338,Titanic,1997,8.0,1378313,"Drama, Romance",194,KEEP,ok
\\TOWER\rootshare\Movies\Too Big to Fail (2011)\Too Big to Fail (2011) Bluray-720p.mkv,\\TOWER\rootshare\Movies\Too Big to Fail (2011),4.63,Too Big to Fail,2011,tt1742683,Too Big to Fail,2011,7.2,20879,"Biography, Drama",99,KEEP,ok
\\TOWER\rootshare\Movies\Top Gun (1986)\Top Gun (1986) WEBDL-1080p.mkv,\\TOWER\rootshare\Movies\Top Gun (1986),5.77,Top Gun,1986,tt0092099,Top Gun,1986,7.0,544151,"Action, Drama",110,KEEP,ok
\\TOWER\rootshare\Movies\Top Gun Maverick (2022)\Top Gun Maverick (2022) WEBDL-1080p.mkv,\\TOWER\rootshare\Movies\Top Gun Maverick (2022),4.81,Top Gun Maverick,2022,tt1745960,Top Gun: Maverick,2022,8.2,836462,"Action, Drama",130,KEEP,ok
\\TOWER\rootshare\Movies\Toy Story (1995)\Toy Story (1995) Bluray-1080p Proper.mkv,\\TOWER\rootshare\Movies\Toy Story (1995),1.26,Toy Story,1995,tt0114709,Toy Story,1995,8.3,1153271,"Animation, Adventure, Comedy",81,KEEP,ok
\\TOWER\rootshare\Movies\Toy Story 2 (1999)\Toy Story 2 (1999) Bluray-1080p.mkv,\\TOWER\rootshare\Movies\Toy Story 2 (1999),1.44,Toy Story 2,1999,tt0120363,Toy Story 2,1999,7.9,663076,"Animation, Adventure, Comedy",92,KEEP,ok
\\TOWER\rootshare\Movies\Toy Story 3 (2010)\Toy Story 3 (2010) Bluray-1080p.mkv,\\TOWER\rootshare\Movies\Toy Story 3 (2010),5.51,Toy Story 3,2010,tt0435761,Toy Story 3,2010,8.3,961588,"Animation, Adventure, Comedy",103,KEEP,ok
\\TOWER\rootshare\Movies\True Romance (1993)\True Romance (1993) Bluray-720p.mkv,\\TOWER\rootshare\Movies\True Romance (1993),5.21,True Romance,1993,tt0108399,True Romance,1993,7.9,257087,"Crime, Drama, Romance",119,KEEP,ok
\\TOWER\rootshare\Movies\Uncle Buck (1989)\Uncle Buck (1989) Bluray-720p.mkv,\\TOWER\rootshare\Movies\Uncle Buck (1989),3.03,Uncle Buck,1989,tt0098554,Uncle Buck,1989,7.1,119730,Comedy,100,KEEP,ok
\\TOWER\rootshare\Movies\Up (2009)\Up (2009) Bluray-1080p Proper.mkv,\\TOWER\rootshare\Movies\Up (2009),0.97,Up,2009,tt1049413,Up,2009,8.3,1204006,"Animation, Adventure, Comedy",96,KEEP,ok
\\TOWER\rootshare\Movies\Vertigo (1958)\Vertigo (1958) Bluray-720p.mkv,\\TOWER\rootshare\Movies\Vertigo (1958),2.11,Vertigo,1958,tt0052357,Vertigo,1958,8.2,456449,"Mystery, Romance, Thriller",128,KEEP,ok
\\TOWER\rootshare\Movies\Wake Up Dead Man A Knives Out Mystery (2025)\Wake Up Dead Man A Knives Out Mystery (2025) WEBDL-1080p.mkv,\\TOWER\rootshare\Movies\Wake Up Dead Man A Knives Out Mystery (2025),4.61,Wake Up Dead Man A Knives Out Mystery,2025,,,,,,,,REMOVE,not found
\\TOWER\rootshare\Movies\WALL·E (2008)\WALL·E (2008) Bluray-1080p.mkv,\\TOWER\rootshare\Movies\WALL·E (2008),9.16,WALL·E,2008,tt0910970,WALL·E,2008,8.4,1306354,"Animation, Adventure, Family",98,KEEP,ok
\\TOWER\rootshare\Movies\War Machine (2026)\War Machine (2026) WEBDL-1080p.mkv,\\TOWER\rootshare\Movies\War Machine (2026),2.42,War Machine,2026,tt15940132,War Machine,2026,8.8,113,"Action, Sci-Fi, Thriller",106,KEEP,ok
\\TOWER\rootshare\Movies\Weird The Al Yankovic Story (2022)\Weird The Al Yankovic Story (2022) Bluray-720p.mkv,\\TOWER\rootshare\Movies\Weird The Al Yankovic Story (2022),4.39,Weird The Al Yankovic Story,2022,tt17076046,Weird: The Al Yankovic Story,2022,6.8,46891,"Action, Biography, Comedy",108,REMOVE,rating 6.8 < 7.0
\\TOWER\rootshare\Movies\Wicked Little Letters (2024)\Wicked Little Letters (2024) Bluray-720p.mkv,\\TOWER\rootshare\Movies\Wicked Little Letters (2024),3.96,Wicked Little Letters,2024,,,,,,,,REMOVE,not found
\\TOWER\rootshare\Movies\Willy Wonka & the Chocolate Factory (1971)\Willy Wonka & the Chocolate Factory (1971) Bluray-720p.mkv,\\TOWER\rootshare\Movies\Willy Wonka & the Chocolate Factory (1971),4.0,Willy Wonka & the Chocolate Factory,1971,tt0067992,Willy Wonka & the Chocolate Factory,1971,7.8,242490,"Adventure, Comedy, Family",100,KEEP,ok
\\TOWER\rootshare\Movies\Wonka (2023)\Wonka (2023) Bluray-720p.mkv,\\TOWER\rootshare\Movies\Wonka (2023),3.99,Wonka,2023,tt6166392,Wonka,2023,6.9,188015,"Adventure, Comedy, Family",116,REMOVE,rating 6.9 < 7.0
\\TOWER\rootshare\Movies\Zack Snyder's Justice League (2021)\Zack Snyder's Justice League (2021) WEBDL-1080p.mkv,\\TOWER\rootshare\Movies\Zack Snyder's Justice League (2021),12.11,Zack Snyder's Justice League,2021,tt12361974,Zack Snyder's Justice League,2021,7.9,467870,"Action, Adventure, Fantasy",242,KEEP,ok
\\TOWER\rootshare\Movies\Zero Dark Thirty (2012)\Zero Dark Thirty (2012) Bluray-720p.mkv,\\TOWER\rootshare\Movies\Zero Dark Thirty (2012),5.57,Zero Dark Thirty,2012,tt1790885,Zero Dark Thirty,2012,7.4,337638,"Drama, History, Thriller",157,KEEP,ok
\\TOWER\rootshare\Movies\Zootopia (2016)\Zootopia (2016) Bluray-720p.mkv,\\TOWER\rootshare\Movies\Zootopia (2016),4.61,Zootopia,2016,tt2948356,Zootopia,2016,8.0,619905,"Animation, Action, Adventure",108,KEEP,ok
\\TOWER\rootshare\Movies\Zootopia 2 (2025)\Zootopia 2 (2025) WEBRip-1080p.mkv,\\TOWER\rootshare\Movies\Zootopia 2 (2025),1.8,Zootopia 2,2025,tt26443597,Zootopia 2,2025,7.4,83646,"Animation, Action, Adventure",108,KEEP,ok
\\TOWER\rootshare\Movies\Zulu (1964)\Zulu (1964) Bluray-720p.mkv,\\TOWER\rootshare\Movies\Zulu (1964),2.43,Zulu,1964,tt0058777,Zulu,1964,7.7,45572,"Drama, History, War",138,KEEP,ok
